dir,file,model,seed,train_batch_size,n_users,hr10,coverage,ild_first_level,ild_second_level,ild_kuairand_tag,nocat_first_level,nocat_second_level,nocat_kuairand_tag
local,CAFREC_kuairand_pure_ctx_noprof_local_seed42.json,CAFREC,42,,22912,0.0817,0.19195561719833565,0.8247633576393127,0.905878484249115,0.7900959849357605,2.6187150837988826e-05,0.1888660963687151,0.0034523393854748604
local,CAFREC_kuairand_pure_ctx_np_shuffled_ctx_seed123.json,CAFREC,123,,22912,0.0787,0.19625520110957004,0.8323285579681396,0.9132526516914368,0.8016029000282288,1.7458100558659216e-05,0.20762046089385475,0.001763268156424581
local,CAFREC_kuairand_pure_ctx_np_shuffled_ctx_seed42.json,CAFREC,42,,22912,0.0805,0.1943134535367545,0.8190079927444458,0.9017361402511597,0.7856998443603516,2.6187150837988826e-05,0.1857018156424581,0.003282122905027933
local,CAFREC_kuairand_pure_ctx_np_shuffled_ctx_seed77.json,CAFREC,77,,22912,0.0779,0.19375866851595008,0.826955258846283,0.9042307138442993,0.7950090169906616,0.00014402932960893856,0.19354486731843576,0.004233589385474861
local,CAFREC_kuairand_pure_ctx_np_vector_gate_seed123.json,CAFREC,123,,22912,0.0775,0.16407766990291262,0.8416908979415894,0.9200409054756165,0.8105400800704956,3.928072625698324e-05,0.21814333100558658,0.001313722067039106
local,CAFREC_kuairand_pure_ctx_np_vector_gate_seed42.json,CAFREC,42,,22912,0.0782,0.16990291262135923,0.8280764818191528,0.9087522625923157,0.7906606793403625,0.0,0.19139315642458102,0.00323411312849162
local,CAFREC_kuairand_pure_ctx_np_vector_gate_seed77.json,CAFREC,77,,22912,0.0779,0.15894590846047157,0.8409556746482849,0.9126164317131042,0.8020911812782288,2.6187150837988826e-05,0.2083100558659218,0.005979399441340782
local,CAFREC_kuairand_pure_ctx_smoke_capbeyond512_seed2020.json,CAFREC,2020,512.0,22912,0.063,0.06449375866851595,0.8419334292411804,0.9186626672744751,0.803773820400238,0.0,0.23821578212290503,0.004429993016759777
local,CAFREC_kuairand_pure_ctx_smoke_shuf_seed42.json,CAFREC,42,,22912,0.0482,0.014424410540915394,0.8549310564994812,0.9435598850250244,0.8262501955032349,0.0,0.282070530726257,0.0
local,CAFREC_kuairand_pure_ctx_smoke_vec_seed42.json,CAFREC,42,,22912,0.0412,0.006102635228848821,0.8478915095329285,0.9445433616638184,0.8355572819709778,0.0,0.31894203910614527,0.0
local,Pop_kuairand_pure_pop_seed2020.json,Pop,2020,2048.0,22912,0.0357,0.003883495145631068,0.9581423401832581,0.9915425181388855,0.8673213124275208,0.0,0.07806826117318436,0.0
modal,CAFREC_kuairand_pure_ctx_bge_r4_s2020_seed2020_20260820-122352.json,CAFREC,2020,,22912,0.0787,0.21345353675450762,0.8203930854797363,0.9011775255203247,0.7886821627616882,3.928072625698324e-05,0.20766847067039107,0.004207402234636871
modal,CAFREC_kuairand_pure_ctx_bge_r4_s2021_seed2021_20260820-122711.json,CAFREC,2021,,22912,0.0785,0.22981969486823856,0.8052849173545837,0.8841025233268738,0.7891409993171692,1.7458100558659216e-05,0.17944745111731844,0.002208449720670391
modal,CAFREC_kuairand_pure_ctx_bge_r4_s403092_seed403092_20260820-123017.json,CAFREC,403092,,22912,0.0792,0.21969486823855755,0.8180682063102722,0.8989282250404358,0.7979599833488464,4.8009776536312846e-05,0.19075593575418995,0.005254888268156424
modal,CAFREC_kuairand_pure_ctx_bge_seq10_s2020_seed2020_20260825-151721.json,CAFREC,2020,,22912,0.0807,0.21262135922330097,0.8302403688430786,0.9059057235717773,0.8021271824836731,1.3093575418994413e-05,0.21694745111731845,0.0032952164804469276
modal,CAFREC_kuairand_pure_ctx_bge_seq10_s2021_seed2021_20260825-151811.json,CAFREC,2021,,22912,0.0774,0.2317614424410541,0.814565896987915,0.8897365927696228,0.7977158427238464,4.364525139664804e-06,0.18652671089385475,0.0014097416201117319
modal,CAFREC_kuairand_pure_ctx_bge_seq10_s403092_seed403092_20260825-151806.json,CAFREC,403092,,22912,0.0795,0.23106796116504855,0.8222280144691467,0.9047805666923523,0.7921425700187683,2.1822625698324023e-05,0.20174581005586592,0.001291899441340782
modal,CAFREC_kuairand_pure_ctx_bge_seq50_s2020_seed2020_20260825-152110.json,CAFREC,2020,,22912,0.0791,0.2549237170596394,0.8048359155654907,0.8800715208053589,0.7842973470687866,0.00024004888268156424,0.16265275837988827,0.005311627094972067
modal,CAFREC_kuairand_pure_ctx_bge_seq50_s2021_seed2021_20260825-152854.json,CAFREC,2021,,22912,0.0811,0.24147018030513176,0.8081257343292236,0.8869122266769409,0.7955151796340942,5.237430167597765e-05,0.1714647346368715,0.002806389664804469
modal,CAFREC_kuairand_pure_ctx_bge_seq50_s403092_seed403092_20260825-152157.json,CAFREC,403092,,22912,0.0794,0.22205270457697643,0.8062548041343689,0.8884069323539734,0.7895355224609375,4.3645251396648046e-05,0.1786836592178771,0.006066689944134078
modal,CAFREC_kuairand_pure_ctx_bge_topk_s2020_seed2020_20260815-161356.json,CAFREC,2020,,22912,0.0786,0.22565880721220527,0.8188480138778687,0.8964152336120605,0.793315589427948,3.055167597765363e-05,0.1966742318435754,0.004883903631284916
modal,CAFREC_kuairand_pure_ctx_bge_topk_s2021_seed2021_20260815-161340.json,CAFREC,2021,,22912,0.0793,0.24105409153952842,0.8045091032981873,0.8848183155059814,0.7895047664642334,4.3645251396648046e-05,0.17493453212290502,0.002566340782122905
modal,CAFREC_kuairand_pure_ctx_bge_topk_s403092_seed403092_20260815-161345.json,CAFREC,403092,,22912,0.0795,0.22135922330097088,0.8162108659744263,0.8961156010627747,0.7931158542633057,1.3093575418994413e-05,0.18001920391061452,0.004499825418994414
modal,CAFREC_kuairand_pure_ctx_bs2048_noprof_seed1024_20260916-062127.json,CAFREC,1024,,22912,0.0774,0.19722607489597782,0.8204221129417419,0.9031841158866882,0.7889586687088013,0.0,0.21314158519553073,0.0020906075418994415
modal,CAFREC_kuairand_pure_ctx_bs2048_noprof_seed123_20260916-061928.json,CAFREC,123,,22912,0.0817,0.19070735090152566,0.831547737121582,0.9127890467643738,0.8012226223945618,8.729050279329608e-06,0.20739350558659217,0.0010343924581005587
modal,CAFREC_kuairand_pure_ctx_bs2048_noprof_seed2048_20260916-062324.json,CAFREC,2048,,22912,0.0783,0.20249653259361997,0.8295323252677917,0.9090743064880371,0.7929245233535767,8.729050279329608e-06,0.19465345670391063,0.006040502793296089
modal,CAFREC_kuairand_pure_ctx_bs2048_noprof_seed256_20260916-062127.json,CAFREC,256,,22912,0.0798,0.1957004160887656,0.8236761093139648,0.9017156958580017,0.7876517176628113,8.729050279329609e-05,0.19940642458100558,0.0036880237430167596
modal,CAFREC_kuairand_pure_ctx_bs2048_noprof_seed42_20260916-061928.json,CAFREC,42,,22912,0.0802,0.1925104022191401,0.8242124319076538,0.9058572053909302,0.7922070026397705,0.0,0.1939464036312849,0.0031991969273743016
modal,CAFREC_kuairand_pure_ctx_bs2048_noprof_seed512_20260916-062125.json,CAFREC,512,,22912,0.0766,0.19819694868238558,0.8326126933097839,0.9073925614356995,0.7988951206207275,0.0001047486033519553,0.2157995810055866,0.001427199720670391
modal,CAFREC_kuairand_pure_ctx_bs2048_noprof_seed77_20260916-061929.json,CAFREC,77,,22912,0.0778,0.18169209431345354,0.8311811685562134,0.9056079387664795,0.7937101125717163,3.491620111731843e-05,0.20293296089385474,0.0030508030726256984
modal,CAFREC_kuairand_pure_ctx_concat_s2020_seed2020_20260825-140739.json,CAFREC,2020,,22912,0.0743,0.17115117891816922,0.8248807787895203,0.9022210836410522,0.8037499189376831,2.6187150837988826e-05,0.20014402932960895,0.004495460893854749
modal,CAFREC_kuairand_pure_ctx_concat_s2021_seed2021_20260825-140745.json,CAFREC,2021,,22912,0.0715,0.20194174757281552,0.807851254940033,0.8851480484008789,0.793001651763916,3.928072625698324e-05,0.1725209497206704,0.002186627094972067
modal,CAFREC_kuairand_pure_ctx_concat_s403092_seed403092_20260825-140738.json,CAFREC,403092,,22912,0.0707,0.18432732316227463,0.815554141998291,0.8941127061843872,0.804802656173706,5.237430167597765e-05,0.19089123603351954,0.004888268156424581
modal,CAFREC_kuairand_pure_ctx_div_b2048_seed1024_20260916-104930.json,CAFREC,1024,,22912,0.0774,0.19722607489597782,0.8204221129417419,0.9031841158866882,0.7889586687088013,0.0,0.21314158519553073,0.0020906075418994415
modal,CAFREC_kuairand_pure_ctx_div_b2048_seed1024_20260916-134220.json,CAFREC,1024,2048.0,22912,0.0759,0.19098474341192787,0.8227469325065613,0.9029029607772827,0.7983020544052124,0.0,0.19903980446927375,0.0018680167597765363
modal,CAFREC_kuairand_pure_ctx_div_b2048_seed123_20260916-104857.json,CAFREC,123,,22912,0.0817,0.19070735090152566,0.8315497040748596,0.9127890467643738,0.8012226223945618,8.729050279329608e-06,0.20739350558659217,0.0010343924581005587
modal,CAFREC_kuairand_pure_ctx_div_b2048_seed123_20260916-133813.json,CAFREC,123,2048.0,22912,0.081,0.18862690707350901,0.8358336687088013,0.9194483160972595,0.8090921640396118,0.00012657122905027933,0.20861120810055866,0.001627967877094972
modal,CAFREC_kuairand_pure_ctx_div_b2048_seed2020_20260916-134610.json,CAFREC,2020,2048.0,22912,0.0763,0.18737864077669902,0.8046554327011108,0.8843022584915161,0.7705548405647278,0.0,0.18588512569832402,0.002967877094972067
modal,CAFREC_kuairand_pure_ctx_div_b2048_seed2021_20260916-134631.json,CAFREC,2021,2048.0,22912,0.0789,0.1664355062413315,0.8462038636207581,0.9219778180122375,0.8214282393455505,0.0,0.21237779329608938,0.00390625
modal,CAFREC_kuairand_pure_ctx_div_b2048_seed2048_20260916-104930.json,CAFREC,2048,,22912,0.0783,0.20249653259361997,0.8295323252677917,0.9090743064880371,0.7929245233535767,8.729050279329608e-06,0.19465345670391063,0.006040502793296089
modal,CAFREC_kuairand_pure_ctx_div_b2048_seed2048_20260916-134542.json,CAFREC,2048,2048.0,22912,0.0781,0.19764216366158113,0.8300095200538635,0.906704843044281,0.7954208850860596,6.546787709497207e-05,0.187526187150838,0.005128317039106145
modal,CAFREC_kuairand_pure_ctx_div_b2048_seed256_20260916-104908.json,CAFREC,256,,22912,0.0798,0.1957004160887656,0.8236761093139648,0.9017156958580017,0.7876517176628113,8.729050279329609e-05,0.19940642458100558,0.0036880237430167596
modal,CAFREC_kuairand_pure_ctx_div_b2048_seed256_20260916-134141.json,CAFREC,256,2048.0,22912,0.0801,0.18585298196948682,0.8250417113304138,0.9024024605751038,0.7948011755943298,0.00013966480446927373,0.19293819832402234,0.004181215083798883
modal,CAFREC_kuairand_pure_ctx_div_b2048_seed403092_20260916-134628.json,CAFREC,403092,2048.0,22912,0.0788,0.18945908460471567,0.8279998898506165,0.9116814732551575,0.7971254587173462,0.0,0.20773393854748604,0.001916026536312849
modal,CAFREC_kuairand_pure_ctx_div_b2048_seed42_20260916-104855.json,CAFREC,42,,22912,0.0802,0.1925104022191401,0.8242124319076538,0.9058572053909302,0.7922070026397705,0.0,0.1939464036312849,0.0031991969273743016
modal,CAFREC_kuairand_pure_ctx_div_b2048_seed42_20260916-133741.json,CAFREC,42,2048.0,22912,0.0788,0.18543689320388348,0.8259185552597046,0.9055022597312927,0.798726499080658,0.0,0.1892981843575419,0.004037185754189944
modal,CAFREC_kuairand_pure_ctx_div_b2048_seed512_20260916-104922.json,CAFREC,512,,22912,0.0766,0.19819694868238558,0.8326126933097839,0.9073925614356995,0.7988951206207275,0.0001047486033519553,0.2157995810055866,0.001427199720670391
modal,CAFREC_kuairand_pure_ctx_div_b2048_seed512_20260916-134203.json,CAFREC,512,2048.0,22912,0.0773,0.18876560332871012,0.8368327617645264,0.9099143147468567,0.8084059357643127,1.3093575418994413e-05,0.21844448324022347,0.0015537709497206705
modal,CAFREC_kuairand_pure_ctx_div_b2048_seed77_20260916-104857.json,CAFREC,77,,22912,0.0778,0.18169209431345354,0.8311811685562134,0.9056079387664795,0.7937101125717163,3.491620111731843e-05,0.20293296089385474,0.0030508030726256984
modal,CAFREC_kuairand_pure_ctx_div_b2048_seed77_20260916-133756.json,CAFREC,77,2048.0,22912,0.0795,0.18349514563106797,0.8258021473884583,0.9038921594619751,0.7827626466751099,7.856145251396648e-05,0.18565380586592178,0.002793296089385475
modal,CAFREC_kuairand_pure_ctx_div_b512_seed1024_20260916-104147.json,CAFREC,1024,,22912,0.08,0.19653259361997227,0.8258020877838135,0.9106668829917908,0.800034761428833,3.055167597765363e-05,0.20663844273743018,0.0031730097765363128
modal,CAFREC_kuairand_pure_ctx_div_b512_seed1024_20260916-134307.json,CAFREC,1024,512.0,22912,0.0838,0.20263522884882107,0.8386027812957764,0.9153369069099426,0.8194515109062195,0.00016148743016759776,0.19928421787709497,0.002924231843575419
modal,CAFREC_kuairand_pure_ctx_div_b512_seed123_20260916-103923.json,CAFREC,123,,22912,0.0829,0.24382801664355064,0.8116222620010376,0.8940361738204956,0.7872493267059326,7.856145251396648e-05,0.19718924581005587,0.0024135824022346367
modal,CAFREC_kuairand_pure_ctx_div_b512_seed123_20260916-134242.json,CAFREC,123,512.0,22912,0.0822,0.23425797503467408,0.8128830790519714,0.8934784531593323,0.7927461862564087,0.0004320879888268156,0.18488128491620112,0.0021997206703910613
modal,CAFREC_kuairand_pure_ctx_div_b512_seed2048_20260916-104152.json,CAFREC,2048,,22912,0.0807,0.20235783633841886,0.8262531161308289,0.9044371843338013,0.7988427877426147,2.6187150837988826e-05,0.18351955307262569,0.004155027932960894
modal,CAFREC_kuairand_pure_ctx_div_b512_seed2048_20260916-134349.json,CAFREC,2048,512.0,22912,0.0849,0.22274618585298198,0.830716609954834,0.9083052277565002,0.8012096881866455,0.0002094972067039106,0.1890625,0.003055167597765363
modal,CAFREC_kuairand_pure_ctx_div_b512_seed256_20260916-103953.json,CAFREC,256,,22912,0.0803,0.2521497919556172,0.8140896558761597,0.8946471810340881,0.7852290272712708,0.0002967877094972067,0.19255412011173184,0.00746770251396648
modal,CAFREC_kuairand_pure_ctx_div_b512_seed256_20260916-134240.json,CAFREC,256,512.0,22912,0.0831,0.1869625520110957,0.8437131643295288,0.9141740202903748,0.8247886300086975,4.364525139664804e-06,0.18542248603351955,0.004870810055865922
modal,CAFREC_kuairand_pure_ctx_div_b512_seed42_20260916-103914.json,CAFREC,42,,22912,0.082,0.2450762829403606,0.8074623942375183,0.889343798160553,0.7809877991676331,3.491620111731843e-05,0.16639752094972068,0.006184532122905028
modal,CAFREC_kuairand_pure_ctx_div_b512_seed42_20260916-134225.json,CAFREC,42,512.0,22912,0.0823,0.23231622746185854,0.8157210350036621,0.8950933814048767,0.7932107448577881,2.6187150837988826e-05,0.16846194134078213,0.005564769553072626
modal,CAFREC_kuairand_pure_ctx_div_b512_seed512_20260916-104140.json,CAFREC,512,,22912,0.0812,0.2188626907073509,0.8182806372642517,0.8994742631912231,0.7916196584701538,0.0002967877094972067,0.20308571927374303,0.004207402234636871
modal,CAFREC_kuairand_pure_ctx_div_b512_seed512_20260916-134308.json,CAFREC,512,512.0,22912,0.0823,0.23120665742024965,0.8289416432380676,0.9059464335441589,0.8025221228599548,8.729050279329608e-06,0.19664804469273742,0.004521648044692737
modal,CAFREC_kuairand_pure_ctx_div_b512_seed77_20260916-103919.json,CAFREC,77,,22912,0.0805,0.2289875173370319,0.8136521577835083,0.8953987956047058,0.7820858955383301,0.00015275837988826816,0.18337552374301677,0.0032297486033519554
modal,CAFREC_kuairand_pure_ctx_div_b512_seed77_20260916-134225.json,CAFREC,77,512.0,22912,0.0825,0.22343966712898752,0.8227663636207581,0.9030105471611023,0.7880120873451233,0.00014402932960893856,0.18445792597765362,0.002527060055865922
modal,CAFREC_kuairand_pure_ctx_gpu_noprof_seed42_20260916-054123.json,CAFREC,42,,22912,0.082,0.2450762829403606,0.8074623942375183,0.889343798160553,0.7809877991676331,3.491620111731843e-05,0.16639752094972068,0.006184532122905028
modal,CAFREC_kuairand_pure_ctx_gpu_shuffled_ctx_seed1024_20260916-135241.json,CAFREC,1024,512.0,22912,0.0787,0.19320388349514564,0.8239902853965759,0.9064517021179199,0.7931830286979675,5.673882681564246e-05,0.21126483938547486,0.0031424581005586594
modal,CAFREC_kuairand_pure_ctx_gpu_shuffled_ctx_seed123_20260916-054127.json,CAFREC,123,,22912,0.0819,0.23592233009708738,0.8079289197921753,0.8909131288528442,0.7794661521911621,0.0005717527932960894,0.19749039804469273,0.0031424581005586594
modal,CAFREC_kuairand_pure_ctx_gpu_shuffled_ctx_seed2048_20260916-135307.json,CAFREC,2048,512.0,22912,0.0784,0.24895977808599168,0.8159411549568176,0.8986382484436035,0.7817850708961487,0.0003971717877094972,0.19369326117318436,0.004543470670391061
modal,CAFREC_kuairand_pure_ctx_gpu_shuffled_ctx_seed256_20260916-135209.json,CAFREC,256,512.0,22912,0.0809,0.20013869625520112,0.830704927444458,0.9060133695602417,0.8078010678291321,0.00012657122905027933,0.1886653282122905,0.004901361731843575
modal,CAFREC_kuairand_pure_ctx_gpu_shuffled_ctx_seed42_20260916-054129.json,CAFREC,42,,22912,0.0824,0.24382801664355064,0.8121129870414734,0.8977799415588379,0.7837038636207581,8.292597765363128e-05,0.1733502094972067,0.0052854399441340785
modal,CAFREC_kuairand_pure_ctx_gpu_shuffled_ctx_seed512_20260916-135220.json,CAFREC,512,512.0,22912,0.0789,0.24909847434119278,0.8216596841812134,0.9030523300170898,0.7864600419998169,8.729050279329608e-06,0.20473114525139666,0.0038669692737430166
modal,CAFREC_kuairand_pure_ctx_gpu_shuffled_ctx_seed77_20260916-054127.json,CAFREC,77,,22912,0.0801,0.22468793342579751,0.8167762756347656,0.9016236066818237,0.7909365892410278,4.364525139664804e-06,0.2053421787709497,0.003840782122905028
modal,CAFREC_kuairand_pure_ctx_gpu_vector_gate_seed123_20260916-054128.json,CAFREC,123,,22912,0.0796,0.22857142857142856,0.8118316531181335,0.8966460824012756,0.7874250411987305,0.00026623603351955306,0.2035221717877095,0.0023961243016759775
modal,CAFREC_kuairand_pure_ctx_gpu_vector_gate_seed42_20260916-054120.json,CAFREC,42,,22912,0.0819,0.23120665742024965,0.8100568056106567,0.8928654789924622,0.7785826921463013,3.055167597765363e-05,0.1700375349162011,0.005154504189944134
modal,CAFREC_kuairand_pure_ctx_gpu_vector_gate_seed77_20260916-054120.json,CAFREC,77,,22912,0.0772,0.2085991678224688,0.8283277153968811,0.9055740237236023,0.7948673367500305,0.00018331005586592178,0.19547835195530727,0.0029809706703910616
modal,CAFREC_kuairand_pure_ctx_hash_s2020_seed2020_20260916-192813.json,CAFREC,2020,512.0,22912,0.0803,0.22649098474341192,0.8197005391120911,0.8981911540031433,0.7893361449241638,3.055167597765363e-05,0.20296351256983242,0.0037403980446927376
modal,CAFREC_kuairand_pure_ctx_hash_s2021_seed2021_20260916-192806.json,CAFREC,2021,512.0,22912,0.0788,0.2423023578363384,0.8104874491691589,0.8890440464019775,0.7906898856163025,8.729050279329608e-06,0.17975733240223463,0.0025314245810055865
modal,CAFREC_kuairand_pure_ctx_hash_s403092_seed403092_20260916-192805.json,CAFREC,403092,512.0,22912,0.0795,0.22052704576976423,0.8158054351806641,0.8975180387496948,0.7917625308036804,4.8009776536312846e-05,0.19653456703910616,0.00456092877094972
modal,CAFREC_kuairand_pure_ctx_hglogfull_s2020_seed2020_20260826-151513.json,CAFREC,2020,,22912,0.0806,0.19930651872399446,0.8242270350456238,0.900263786315918,0.7969890832901001,4.8009776536312846e-05,0.19474074720670392,0.004220495810055866
modal,CAFREC_kuairand_pure_ctx_hglogfull_s2021_seed2021_20260826-151527.json,CAFREC,2021,,22912,0.0845,0.1954230235783634,0.8257196545600891,0.8988118767738342,0.7979336380958557,0.0,0.17973114525139663,0.001872381284916201
modal,CAFREC_kuairand_pure_ctx_hglogfull_s403092_seed403092_20260826-151558.json,CAFREC,403092,,22912,0.0835,0.2087378640776699,0.8262677192687988,0.905735969543457,0.8090097308158875,4.364525139664804e-06,0.17633554469273743,0.004347067039106145
modal,CAFREC_kuairand_pure_ctx_hgsuppress_s2020_seed2020_20260826-151448.json,CAFREC,2020,,22912,0.0788,0.2307905686546463,0.8155357241630554,0.8947644829750061,0.7884826064109802,2.6187150837988826e-05,0.19774790502793296,0.00513268156424581
modal,CAFREC_kuairand_pure_ctx_hgsuppress_s2021_seed2021_20260826-151537.json,CAFREC,2021,,22912,0.0832,0.21567267683772537,0.8252328038215637,0.8995596766471863,0.7979967594146729,4.364525139664804e-06,0.19117493016759776,0.002609986033519553
modal,CAFREC_kuairand_pure_ctx_hgsuppress_s403092_seed403092_20260826-151448.json,CAFREC,403092,,22912,0.0795,0.2216366158113731,0.8150779604911804,0.8963415622711182,0.7927194833755493,4.364525139664804e-06,0.18372468575418993,0.004032821229050279
modal,CAFREC_kuairand_pure_ctx_histgate_s2020_seed2020_20260826-145331.json,CAFREC,2020,,22912,0.0796,0.21220527045769763,0.8192155957221985,0.8985306024551392,0.7916814088821411,8.729050279329609e-05,0.20313372905027932,0.004421263966480447
modal,CAFREC_kuairand_pure_ctx_histgate_s2021_seed2021_20260826-145320.json,CAFREC,2021,,22912,0.0794,0.24133148404993066,0.8021793365478516,0.882387638092041,0.7884531021118164,4.364525139664804e-06,0.17826466480446929,0.0019334846368715083
modal,CAFREC_kuairand_pure_ctx_histgate_s403092_seed403092_20260826-145323.json,CAFREC,403092,,22912,0.0824,0.21816920943134535,0.8158287405967712,0.8970195651054382,0.7986254096031189,1.3093575418994413e-05,0.18342353351955307,0.004290328212290502
modal,CAFREC_kuairand_pure_ctx_noprof_seq10_s2020_seed2020_20260825-151723.json,CAFREC,2020,,22912,0.0803,0.23897364771151178,0.8170284628868103,0.8929963111877441,0.7863878607749939,0.0001003840782122905,0.18640450418994414,0.0038669692737430166
modal,CAFREC_kuairand_pure_ctx_noprof_seq10_s2021_seed2021_20260825-151719.json,CAFREC,2021,,22912,0.0784,0.23411927877947294,0.8240339159965515,0.8990020155906677,0.8048991560935974,3.928072625698324e-05,0.19694483240223465,0.0011435055865921789
modal,CAFREC_kuairand_pure_ctx_noprof_seq10_s403092_seed403092_20260825-151805.json,CAFREC,403092,,22912,0.0804,0.2174757281553398,0.8157966732978821,0.8987545967102051,0.7944145202636719,1.7458100558659216e-05,0.20100820530726257,0.0038713337988826816
modal,CAFREC_kuairand_pure_ctx_noprof_seq50_s2020_seed2020_20260825-152139.json,CAFREC,2020,,22912,0.0818,0.23134535367545075,0.802897036075592,0.8868783116340637,0.7722699642181396,5.673882681564246e-05,0.20042335893854749,0.00446054469273743
modal,CAFREC_kuairand_pure_ctx_noprof_seq50_s2021_seed2021_20260825-152545.json,CAFREC,2021,,22912,0.0817,0.2421636615811373,0.8017486929893494,0.8790647983551025,0.7887337803840637,4.3645251396648046e-05,0.17188809357541898,0.003125
modal,CAFREC_kuairand_pure_ctx_noprof_seq50_s403092_seed403092_20260825-152210.json,CAFREC,403092,,22912,0.0823,0.23356449375866853,0.804229736328125,0.8886405825614929,0.7842409610748291,1.3093575418994413e-05,0.17919430865921787,0.005071578212290503
modal,CAFREC_kuairand_pure_ctx_noprof_topk_s2020_seed2020_20260815-161058.json,CAFREC,2020,,22912,0.0813,0.2274618585298197,0.8126882314682007,0.8927597999572754,0.7810771465301514,8.729050279329609e-05,0.19631197625698324,0.004779155027932961
modal,CAFREC_kuairand_pure_ctx_noprof_topk_s2021_seed2021_20260815-161023.json,CAFREC,2021,,22912,0.0795,0.23730929264909847,0.8056186437606812,0.886774480342865,0.7877010703086853,3.928072625698324e-05,0.18092266061452514,0.0028718575418994413
modal,CAFREC_kuairand_pure_ctx_noprof_topk_s403092_seed403092_20260815-161026.json,CAFREC,403092,,22912,0.0789,0.23606102635228848,0.8092944622039795,0.8916162252426147,0.7897278070449829,8.729050279329608e-06,0.18705918296089385,0.00390625
modal,CAFREC_kuairand_pure_ctx_prof7b_s2021_seed2021_20260825-140753.json,CAFREC,2021,,22912,0.0776,0.24840499306518724,0.8074953556060791,0.8841451406478882,0.7918736934661865,1.7458100558659216e-05,0.1698673184357542,0.0023524790502793295
modal,CAFREC_kuairand_pure_ctx_prof7b_s403092_seed403092_20260825-140756.json,CAFREC,403092,,22912,0.0778,0.2231622746185853,0.8079289197921753,0.8897045254707336,0.786309540271759,1.3093575418994413e-05,0.17822974860335195,0.004622032122905028
modal,CAFREC_kuairand_pure_ctx_shuffled_ctx_s2020_seed2020_20260916-193035.json,CAFREC,2020,512.0,22912,0.0796,0.2346740638002774,0.8076583743095398,0.8918712735176086,0.7763665914535522,0.0,0.2018505586592179,0.0038233240223463686
modal,CAFREC_kuairand_pure_ctx_shuffled_ctx_s2021_seed2021_20260916-193249.json,CAFREC,2021,512.0,22912,0.0801,0.22552011095700417,0.8104943037033081,0.8931874632835388,0.7791854739189148,0.0,0.18196141759776535,0.003238477653631285
modal,CAFREC_kuairand_pure_ctx_shuffled_ctx_s403092_seed403092_20260916-193309.json,CAFREC,403092,512.0,22912,0.0797,0.23897364771151178,0.8166579604148865,0.9009097814559937,0.7877166867256165,4.364525139664804e-06,0.19980796089385475,0.0023961243016759775
modal,CAFREC_kuairand_pure_ctx_standin_s2021_seed2021_20260825-140723.json,CAFREC,2021,,22912,0.0714,0.17475728155339806,0.8460496664047241,0.9220951795578003,0.8075690865516663,0.00011784217877094972,0.21453823324022347,0.005329085195530726
modal,CAFREC_kuairand_pure_ctx_standin_s403092_seed403092_20260825-141014.json,CAFREC,403092,,22912,0.0707,0.230374479889043,0.8417035341262817,0.9163582921028137,0.8121710419654846,0.00026187150837988826,0.18825942737430168,0.006725733240223464
modal,CAFREC_kuairand_pure_ctx_static_gate_s2020_seed2020_20260825-140734.json,CAFREC,2020,,22912,0.0781,0.20110957004160887,0.8161264657974243,0.8965539336204529,0.7881196737289429,2.1822625698324023e-05,0.20346106843575418,0.004495460893854749
modal,CAFREC_kuairand_pure_ctx_static_gate_s2021_seed2021_20260825-140802.json,CAFREC,2021,,22912,0.0744,0.19930651872399446,0.8205103278160095,0.9023674726486206,0.7982562780380249,4.364525139664804e-06,0.20801763268156426,0.003997905027932961
modal,CAFREC_kuairand_pure_ctx_static_gate_s403092_seed403092_20260825-140738.json,CAFREC,403092,,22912,0.0768,0.20180305131761442,0.8159663677215576,0.8975160717964172,0.7921187877655029,3.928072625698324e-05,0.1853919343575419,0.0038669692737430166
modal,CAFREC_kuairand_pure_ctx_vector_gate_s2020_seed2020_20260916-192757.json,CAFREC,2020,512.0,22912,0.0776,0.21234396671289876,0.8093091249465942,0.8916802406311035,0.7741219997406006,4.8009776536312846e-05,0.2010169343575419,0.0037665851955307264
modal,CAFREC_kuairand_pure_ctx_vector_gate_s2021_seed2021_20260916-192802.json,CAFREC,2021,512.0,22912,0.0761,0.2277392510402219,0.8067175149917603,0.8846300840377808,0.7872808575630188,3.055167597765363e-05,0.19037185754189945,0.0027365572625698323
modal,CAFREC_kuairand_pure_ctx_vector_gate_s403092_seed403092_20260916-193022.json,CAFREC,403092,512.0,22912,0.0772,0.2171983356449376,0.8040852546691895,0.8864680528640747,0.7822693586349487,5.673882681564246e-05,0.18565380586592178,0.004822800279329609
modal,HGN_kuairand_pure_base_topk_s2021_seed2021_20260820-123128.json,HGN,2021,,22912,0.0199,0.02330097087378641,0.7918334603309631,0.8901535868644714,0.594466507434845,0.0,0.0014141061452513967,4.364525139664804e-06
modal,HGN_kuairand_pure_base_topk_s403092_seed403092_20260820-123347.json,HGN,403092,,22912,0.0187,0.021497919556171984,0.5653330683708191,0.6913737058639526,0.5407400727272034,0.0,0.0031424581005586594,0.0
modal,HGN_kuairand_pure_bs512_ce_hgn_seed1024_20260916-195554.json,HGN,1024,512.0,22912,0.0735,0.44271844660194176,0.8179770708084106,0.9010794758796692,0.7819948792457581,0.00023568435754189944,0.17204521648044693,0.003552723463687151
modal,HGN_kuairand_pure_bs512_ce_hgn_seed123_20260916-195547.json,HGN,123,512.0,22912,0.072,0.4388349514563107,0.8168421983718872,0.8999748229980469,0.7874277830123901,0.00034916201117318437,0.17058746508379888,0.005145775139664805
modal,HGN_kuairand_pure_bs512_ce_hgn_seed2048_20260916-195444.json,HGN,2048,512.0,22912,0.0729,0.3438280166435506,0.8194938898086548,0.9010193943977356,0.7888213992118835,0.0001964036312849162,0.1662447625698324,0.003622555865921788
modal,HGN_kuairand_pure_bs512_ce_hgn_seed256_20260916-195514.json,HGN,256,512.0,22912,0.0701,0.38793342579750345,0.821750819683075,0.9011076092720032,0.7898298501968384,0.0003971717877094972,0.17195792597765364,0.0042161312849162014
modal,HGN_kuairand_pure_bs512_ce_hgn_seed42_20260916-195431.json,HGN,42,512.0,22912,0.0696,0.4954230235783634,0.8212252259254456,0.9016779065132141,0.7879371643066406,0.00026187150837988826,0.16934357541899442,0.005001745810055866
modal,HGN_kuairand_pure_bs512_ce_hgn_seed512_20260916-195541.json,HGN,512,512.0,22912,0.0716,0.44521497919556174,0.8159722685813904,0.8999893069267273,0.7822073101997375,0.00037534916201117317,0.17053945530726258,0.0051937849162011175
modal,HGN_kuairand_pure_bs512_ce_hgn_seed77_20260916-195412.json,HGN,77,512.0,22912,0.0721,0.3990291262135922,0.8218216896057129,0.9025954008102417,0.7873112559318542,0.0002836941340782123,0.1692955656424581,0.004844622905027933
modal,HGN_kuairand_pure_bs512_hgn_seed1024_20260916-192930.json,HGN,1024,512.0,22912,0.0246,0.011789181692094313,0.8282335996627808,0.9040822982788086,0.7314256429672241,0.0,0.1474205656424581,0.0
modal,HGN_kuairand_pure_bs512_hgn_seed123_20260916-192734.json,HGN,123,512.0,22912,0.0215,0.008737864077669903,0.7625357508659363,0.849599301815033,0.7575055956840515,0.0,0.003330132681564246,4.364525139664804e-06
modal,HGN_kuairand_pure_bs512_hgn_seed2048_20260916-192935.json,HGN,2048,512.0,22912,0.0237,0.010402219140083218,0.821682870388031,0.8992531895637512,0.7833946943283081,0.0,0.14262831703910614,0.0
modal,HGN_kuairand_pure_bs512_hgn_seed256_20260916-192738.json,HGN,256,512.0,22912,0.0204,0.010263522884882107,0.6670429706573486,0.7780668139457703,0.6670083403587341,0.0,0.0003011522346368715,1.3093575418994413e-05
modal,HGN_kuairand_pure_bs512_hgn_seed42_20260916-192741.json,HGN,42,512.0,22912,0.0234,0.00984743411927878,0.8654844760894775,0.9302907586097717,0.8440595865249634,0.0,0.18396473463687152,0.0
modal,HGN_kuairand_pure_bs512_hgn_seed512_20260916-192739.json,HGN,512,512.0,22912,0.0232,0.012343966712898752,0.866386353969574,0.9331015348434448,0.8438952565193176,0.0,0.09932349860335196,4.364525139664804e-06
modal,HGN_kuairand_pure_bs512_hgn_seed77_20260916-192731.json,HGN,77,512.0,22912,0.0275,0.011789181692094313,0.8497235774993896,0.9250543117523193,0.829811155796051,4.364525139664804e-06,0.16760212988826817,8.729050279329608e-06
modal,HGRU4Rec_kuairand_pure_base_topk_s2021_seed2021_20260820-123237.json,HGRU4Rec,2021,,22912,0.0488,0.01678224687933426,0.8554440140724182,0.9376327991485596,0.838164746761322,0.0,0.25179381983240223,0.0
modal,HGRU4Rec_kuairand_pure_base_topk_s403092_seed403092_20260820-123453.json,HGRU4Rec,403092,,22912,0.0422,0.011095700416088766,0.9178236722946167,0.9726566672325134,0.8336862921714783,0.0,0.17923358938547487,4.364525139664804e-06
modal,HGRU4Rec_kuairand_pure_bs512_ce_hgru4rec_seed1024_20260916-195416.json,HGRU4Rec,1024,512.0,22912,0.0673,0.16588072122052705,0.8474035859107971,0.9256595373153687,0.8121842741966248,0.00018331005586592178,0.22554993016759778,0.0015712290502793297
modal,HGRU4Rec_kuairand_pure_bs512_ce_hgru4rec_seed123_20260916-195247.json,HGRU4Rec,123,512.0,22912,0.0687,0.16990291262135923,0.8518311977386475,0.9264732599258423,0.8049368262290955,6.110335195530727e-05,0.22389141061452514,0.0034828910614525138
modal,HGRU4Rec_kuairand_pure_bs512_ce_hgru4rec_seed2048_20260916-195432.json,HGRU4Rec,2048,512.0,22912,0.0663,0.16033287101248267,0.8479962348937988,0.9234151840209961,0.8081658482551575,8.729050279329608e-06,0.19840258379888268,0.004076466480446927
modal,HGRU4Rec_kuairand_pure_bs512_ce_hgru4rec_seed256_20260916-195322.json,HGRU4Rec,256,512.0,22912,0.0665,0.1654646324549237,0.8520339131355286,0.9247100949287415,0.8106926679611206,0.0002051326815642458,0.19797049581005585,0.0034043296089385474
modal,HGRU4Rec_kuairand_pure_bs512_ce_hgru4rec_seed42_20260916-195213.json,HGRU4Rec,42,512.0,22912,0.0672,0.17337031900138697,0.8556981682777405,0.9290183186531067,0.8050782680511475,1.7458100558659216e-05,0.20911312849162011,0.0015406773743016759
modal,HGRU4Rec_kuairand_pure_bs512_ce_hgru4rec_seed512_20260916-195345.json,HGRU4Rec,512,512.0,22912,0.0656,0.14313453536754508,0.844515323638916,0.9242328405380249,0.7888668775558472,0.0004888268156424581,0.20701379189944133,0.002029504189944134
modal,HGRU4Rec_kuairand_pure_bs512_ce_hgru4rec_seed77_20260916-195224.json,HGRU4Rec,77,512.0,22912,0.066,0.16421636615811372,0.8531230688095093,0.9285885095596313,0.8148311972618103,0.00012657122905027933,0.20050628491620112,0.004469273743016759
modal,HGRU4Rec_kuairand_pure_bs512_hgru4rec_seed1024_20260916-193037.json,HGRU4Rec,1024,512.0,22912,0.0558,0.06074895977808599,0.8672029972076416,0.9465645551681519,0.8148526549339294,0.0001091131284916201,0.28385998603351953,0.001003840782122905
modal,HGRU4Rec_kuairand_pure_bs512_hgru4rec_seed123_20260916-193008.json,HGRU4Rec,123,512.0,22912,0.0541,0.056588072122052704,0.8770668506622314,0.94781094789505,0.837340772151947,1.3093575418994413e-05,0.26001222067039104,0.00033606843575418997
modal,HGRU4Rec_kuairand_pure_bs512_hgru4rec_seed2048_20260916-193145.json,HGRU4Rec,2048,512.0,22912,0.0551,0.05159500693481276,0.8889217972755432,0.94698166847229,0.8783189058303833,0.0,0.3303945530726257,0.008563198324022346
modal,HGRU4Rec_kuairand_pure_bs512_hgru4rec_seed256_20260916-193014.json,HGRU4Rec,256,512.0,22912,0.0611,0.07656033287101248,0.8722252249717712,0.9605544209480286,0.8275564312934875,0.0,0.2681826117318436,0.0001003840782122905
modal,HGRU4Rec_kuairand_pure_bs512_hgru4rec_seed42_20260916-192959.json,HGRU4Rec,42,512.0,22912,0.0532,0.05589459084604716,0.8570249676704407,0.9500067234039307,0.8157467842102051,0.0,0.28688460195530724,4.364525139664804e-06
modal,HGRU4Rec_kuairand_pure_bs512_hgru4rec_seed512_20260916-193021.json,HGRU4Rec,512,512.0,22912,0.0543,0.044382801664355064,0.8886822462081909,0.9584477543830872,0.8521328568458557,0.0,0.25358327513966483,4.364525139664804e-06
modal,HGRU4Rec_kuairand_pure_bs512_hgru4rec_seed77_20260916-193001.json,HGRU4Rec,77,512.0,22912,0.0545,0.05062413314840499,0.8924115300178528,0.9651011824607849,0.8505518436431885,0.0,0.2607803770949721,0.0
modal,SASRec_kuairand_pure_bs512_sasrec_seed1024_20260916-062552.json,SASRec,1024,,22912,0.0789,0.1901525658807212,0.824247419834137,0.9068532586097717,0.7913666367530823,2.6187150837988826e-05,0.200728875698324,0.003194832402234637
modal,SASRec_kuairand_pure_bs512_sasrec_seed123_20260916-062558.json,SASRec,123,,22912,0.0811,0.24535367545076284,0.8072956204414368,0.8921681046485901,0.7832845449447632,0.0003273393854748603,0.20027496508379888,0.0024223114525139663
modal,SASRec_kuairand_pure_bs512_sasrec_seed2048_20260916-062603.json,SASRec,2048,,22912,0.0817,0.24535367545076284,0.8201485872268677,0.9038873314857483,0.7872249484062195,0.00017458100558659218,0.19424319134078213,0.004547835195530726
modal,SASRec_kuairand_pure_bs512_sasrec_seed256_20260916-062616.json,SASRec,256,,22912,0.0809,0.19514563106796118,0.8355534076690674,0.9099860191345215,0.8110771179199219,0.0001047486033519553,0.1931302374301676,0.004591480446927375
modal,SASRec_kuairand_pure_bs512_sasrec_seed42_20260916-062609.json,SASRec,42,,22912,0.0836,0.24604715672676838,0.8094661235809326,0.8926074504852295,0.7795882225036621,3.055167597765363e-05,0.1702775837988827,0.005599685754189944
modal,SASRec_kuairand_pure_bs512_sasrec_seed512_20260916-062617.json,SASRec,512,,22912,0.0794,0.24438280166435505,0.8225345611572266,0.9051365256309509,0.7875034809112549,3.491620111731843e-05,0.21343837290502793,0.003526536312849162
modal,SASRec_kuairand_pure_bs512_sasrec_seed77_20260916-062605.json,SASRec,77,,22912,0.0813,0.22718446601941747,0.8258893489837646,0.9058659076690674,0.7994364500045776,7.419692737430168e-05,0.20523743016759777,0.004063372905027933
modal,SASRec_kuairand_pure_div_b2048_seed1024_20260916-104741.json,SASRec,1024,,22912,0.0781,0.19445214979195563,0.8238632678985596,0.9067795276641846,0.7863389253616333,0.0,0.20168470670391062,0.002609986033519553
modal,SASRec_kuairand_pure_div_b2048_seed123_20260916-104453.json,SASRec,123,,22912,0.0787,0.19084604715672676,0.8360752463340759,0.9170846939086914,0.8046455383300781,0.0001047486033519553,0.20973725558659218,0.0014664804469273743
modal,SASRec_kuairand_pure_div_b2048_seed2048_20260916-104753.json,SASRec,2048,,22912,0.0769,0.20221914008321776,0.8303276300430298,0.911809504032135,0.792117178440094,3.491620111731843e-05,0.196106843575419,0.005918296089385475
modal,SASRec_kuairand_pure_div_b2048_seed256_20260916-104458.json,SASRec,256,,22912,0.0784,0.19611650485436893,0.8193231225013733,0.8984307050704956,0.7825301885604858,0.0003055167597765363,0.20092091480446927,0.003696752793296089
modal,SASRec_kuairand_pure_div_b2048_seed42_20260916-104257.json,SASRec,42,,22912,0.0818,0.1915395284327323,0.825028121471405,0.9061840176582336,0.7912447452545166,0.0,0.20061539804469275,0.0025139664804469273
modal,SASRec_kuairand_pure_div_b2048_seed512_20260916-104602.json,SASRec,512,,22912,0.0781,0.18807212205270457,0.8312112092971802,0.9070249795913696,0.7927979230880737,3.491620111731843e-05,0.2206834846368715,0.0013704608938547487
modal,SASRec_kuairand_pure_div_b2048_seed77_20260916-104438.json,SASRec,77,,22912,0.0785,0.19722607489597782,0.8167704343795776,0.8977285027503967,0.7747536897659302,0.00025314245810055866,0.19347067039106144,0.002902409217877095
modal,SASRec_kuairand_pure_div_b512_seed1024_20260916-104511.json,SASRec,1024,,22912,0.0789,0.1901525658807212,0.824247419834137,0.9068532586097717,0.7913666367530823,2.6187150837988826e-05,0.200728875698324,0.003194832402234637
modal,SASRec_kuairand_pure_div_b512_seed123_20260916-104458.json,SASRec,123,,22912,0.0811,0.24535367545076284,0.8072956204414368,0.8921681046485901,0.7832845449447632,0.0003273393854748603,0.20027496508379888,0.0024223114525139663
modal,SASRec_kuairand_pure_div_b512_seed2020_20260916-131247.json,SASRec,2020,512.0,22912,0.0785,0.22815533980582525,0.8084748983383179,0.8934066891670227,0.7720382809638977,8.729050279329608e-06,0.20139228351955307,0.005115223463687151
modal,SASRec_kuairand_pure_div_b512_seed2021_20260916-131252.json,SASRec,2021,512.0,22912,0.079,0.21844660194174756,0.8109511137008667,0.891467809677124,0.7811371088027954,1.3093575418994413e-05,0.18268156424581006,0.0034086941340782124
modal,SASRec_kuairand_pure_div_b512_seed2048_20260916-104506.json,SASRec,2048,,22912,0.0817,0.24535367545076284,0.8201485872268677,0.9038873314857483,0.7872249484062195,0.00017458100558659218,0.19424319134078213,0.004547835195530726
modal,SASRec_kuairand_pure_div_b512_seed256_20260916-104517.json,SASRec,256,,22912,0.0809,0.19514563106796118,0.8355534076690674,0.9099860191345215,0.8110771179199219,0.0001047486033519553,0.1931302374301676,0.004591480446927375
modal,SASRec_kuairand_pure_div_b512_seed403092_20260916-131257.json,SASRec,403092,512.0,22912,0.0791,0.2361997226074896,0.8107386827468872,0.8958517909049988,0.7853915095329285,2.1822625698324023e-05,0.18564507681564246,0.005660789106145252
modal,SASRec_kuairand_pure_div_b512_seed42_20260916-103619.json,SASRec,42,,22912,0.0836,0.24604715672676838,0.8094661235809326,0.8926074504852295,0.7795882225036621,3.055167597765363e-05,0.1702775837988827,0.005599685754189944
modal,SASRec_kuairand_pure_div_b512_seed512_20260916-104525.json,SASRec,512,,22912,0.0794,0.24438280166435505,0.8225345611572266,0.9051365256309509,0.7875034809112549,3.491620111731843e-05,0.21343837290502793,0.003526536312849162
modal,SASRec_kuairand_pure_div_b512_seed77_20260916-104526.json,SASRec,77,,22912,0.0813,0.22718446601941747,0.8258893489837646,0.9058659076690674,0.7994364500045776,7.419692737430168e-05,0.20523743016759777,0.004063372905027933
modal,SASRec_kuairand_pure_seq10_s2020_seed2020_20260825-151558.json,SASRec,2020,,22912,0.0762,0.189875173370319,0.829887330532074,0.9088075757026672,0.7973102331161499,0.0,0.19306040502793295,0.0038669692737430166
modal,SASRec_kuairand_pure_seq10_s2021_seed2021_20260825-151754.json,SASRec,2021,,22912,0.0773,0.1883495145631068,0.831657350063324,0.9095903038978577,0.8018761277198792,1.7458100558659216e-05,0.20077688547486033,0.0013791899441340783
modal,SASRec_kuairand_pure_seq10_s403092_seed403092_20260825-151744.json,SASRec,403092,,22912,0.0783,0.18335644937586684,0.8308077454566956,0.9131410717964172,0.78940349817276,0.0,0.2190206005586592,0.0012307960893854749
modal,SASRec_kuairand_pure_seq50_s2020_seed2020_20260825-152027.json,SASRec,2020,,22912,0.0796,0.1930651872399445,0.8089229464530945,0.889641523361206,0.7740587592124939,4.364525139664804e-06,0.18757419692737431,0.00524179469273743
modal,SASRec_kuairand_pure_seq50_s2021_seed2021_20260825-152219.json,SASRec,2021,,22912,0.0779,0.17766990291262136,0.8261085152626038,0.9049590826034546,0.8017295002937317,0.0,0.201588687150838,0.004691864525139665
modal,SASRec_kuairand_pure_seq50_s403092_seed403092_20260825-152228.json,SASRec,403092,,22912,0.0799,0.18474341192787794,0.8131178617477417,0.8898646235466003,0.783031165599823,4.8009776536312846e-05,0.19702775837988826,0.0028151187150837987
modal,SASRec_kuairand_pure_topk_s2020_seed2020_20260815-160705.json,SASRec,2020,,22912,0.0788,0.19805825242718447,0.8199856877326965,0.8983181715011597,0.7874942421913147,0.0001047486033519553,0.17976169692737431,0.00500611033519553
modal,SASRec_kuairand_pure_topk_s2021_seed2021_20260815-160733.json,SASRec,2021,,22912,0.0781,0.17614424410540916,0.8359414339065552,0.9137075543403625,0.801081657409668,0.0,0.20642894553072624,0.0010649441340782123
modal,SASRec_kuairand_pure_topk_s403092_seed403092_20260815-160636.json,SASRec,403092,,22912,0.0793,0.19237170596393896,0.8248429298400879,0.9072635769844055,0.7903767228126526,0.0,0.20959322625698323,0.002391759776536313
