result_file,paper_table,paper_row,commit,launch_script,batch_size,seeds,device,date,batch_size_source
cafrec_harness/results/modal/SASRec_kuairand_pure_bs512_sasrec_seed42_20260916-062609.json;cafrec_harness/results/modal/SASRec_kuairand_pure_bs512_sasrec_seed77_20260916-062605.json;cafrec_harness/results/modal/SASRec_kuairand_pure_bs512_sasrec_seed123_20260916-062558.json;cafrec_harness/results/modal/SASRec_kuairand_pure_bs512_sasrec_seed256_20260916-062616.json;cafrec_harness/results/modal/SASRec_kuairand_pure_bs512_sasrec_seed512_20260916-062617.json;cafrec_harness/results/modal/SASRec_kuairand_pure_bs512_sasrec_seed1024_20260916-062552.json;cafrec_harness/results/modal/SASRec_kuairand_pure_bs512_sasrec_seed2048_20260916-062603.json,Table IV (tab:res:main),SASRec (CE),6c5482b,modal_run.py::bsweep,512,42;77;123;256;512;1024;2048,Modal A10G,2026-09-16,launch code: bsweep passes train_batch_size=512
cafrec_harness/results/modal/CAFREC_kuairand_pure_ctx_noprof_ms_s42_seed42_20260826-152318.json;cafrec_harness/results/modal/CAFREC_kuairand_pure_ctx_noprof_ms_s77_seed77_20260826-152323.json;cafrec_harness/results/modal/CAFREC_kuairand_pure_ctx_noprof_ms_s123_seed123_20260826-152314.json;cafrec_harness/results/modal/CAFREC_kuairand_pure_ctx_noprof_ms_s256_seed256_20260826-153211.json;cafrec_harness/results/modal/CAFREC_kuairand_pure_ctx_noprof_ms_s512_seed512_20260826-153238.json;cafrec_harness/results/modal/CAFREC_kuairand_pure_ctx_noprof_ms_s1024_seed1024_20260826-153259.json;cafrec_harness/results/modal/CAFREC_kuairand_pure_ctx_noprof_ms_s2048_seed2048_20260826-153316.json,Table IV (tab:res:main),CAFREC-NP (CE),ae63ec4,run_manyseed.py (modal_run.train),512,42;77;123;256;512;1024;2048,Modal A10G,2026-08-26,launch code: modal_run.py L72 branch (5f8f956..b478590) sets 512 for *_ctx
cafrec_harness/results/modal/CAFREC_kuairand_pure_ctx_bge_ms_s42_seed42_20260826-153243.json;cafrec_harness/results/modal/CAFREC_kuairand_pure_ctx_bge_ms_s77_seed77_20260826-153307.json;cafrec_harness/results/modal/CAFREC_kuairand_pure_ctx_bge_ms_s123_seed123_20260826-152635.json;cafrec_harness/results/modal/CAFREC_kuairand_pure_ctx_bge_ms_s256_seed256_20260826-152650.json;cafrec_harness/results/modal/CAFREC_kuairand_pure_ctx_bge_ms_s512_seed512_20260826-152648.json;cafrec_harness/results/modal/CAFREC_kuairand_pure_ctx_bge_ms_s1024_seed1024_20260826-153621.json;cafrec_harness/results/modal/CAFREC_kuairand_pure_ctx_bge_ms_s2048_seed2048_20260826-152956.json,Table IV (tab:res:main),CAFREC (CE),ae63ec4,run_manyseed.py (modal_run.train),512,42;77;123;256;512;1024;2048,Modal A10G,2026-08-26,launch code: modal_run.py L72 branch (5f8f956..b478590) sets 512 for *_ctx
cafrec_harness/results/local_gpu/SASRec_kuairand_pure_tuned16_sasrec_gs13_seed42.json;cafrec_harness/results/local_gpu/SASRec_kuairand_pure_tuned16_sasrec_gs13_seed77.json;cafrec_harness/results/local_gpu/SASRec_kuairand_pure_tuned16_sasrec_gs13_seed123.json;cafrec_harness/results/local_gpu/SASRec_kuairand_pure_tuned16_sasrec_gs13_seed256.json;cafrec_harness/results/local_gpu/SASRec_kuairand_pure_tuned16_sasrec_gs13_seed512.json;cafrec_harness/results/local_gpu/SASRec_kuairand_pure_tuned16_sasrec_gs13_seed1024.json;cafrec_harness/results/local_gpu/SASRec_kuairand_pure_tuned16_sasrec_gs13_seed2048.json,Table IV (tab:res:main),"SASRec, tuned",4841de5,local_run.py --queue gpu_tuned (gpu_chain.py),512,42;77;123;256;512;1024;2048,NVIDIA RTX 2060 SUPER (home PC),2026-09-20,config block
cafrec_harness/results/local_gpu/CAFREC_kuairand_pure_ctx_tuned16_np_gs08_seed42.json;cafrec_harness/results/local_gpu/CAFREC_kuairand_pure_ctx_tuned16_np_gs08_seed77.json;cafrec_harness/results/local_gpu/CAFREC_kuairand_pure_ctx_tuned16_np_gs08_seed123.json;cafrec_harness/results/local_gpu/CAFREC_kuairand_pure_ctx_tuned16_np_gs08_seed256.json;cafrec_harness/results/local_gpu/CAFREC_kuairand_pure_ctx_tuned16_np_gs08_seed512.json;cafrec_harness/results/local_gpu/CAFREC_kuairand_pure_ctx_tuned16_np_gs08_seed1024.json;cafrec_harness/results/local_gpu/CAFREC_kuairand_pure_ctx_tuned16_np_gs08_seed2048.json,Table IV (tab:res:main),"CAFREC-NP, tuned",4841de5,local_run.py --queue gpu_tuned (gpu_chain.py),512,42;77;123;256;512;1024;2048,NVIDIA RTX 2060 SUPER (home PC),2026-09-19..2026-09-20,config block
cafrec_harness/results/modal/HGN_kuairand_pure_bs512_ce_hgn_seed42_20260916-195431.json;cafrec_harness/results/modal/HGN_kuairand_pure_bs512_ce_hgn_seed77_20260916-195412.json;cafrec_harness/results/modal/HGN_kuairand_pure_bs512_ce_hgn_seed123_20260916-195547.json;cafrec_harness/results/modal/HGN_kuairand_pure_bs512_ce_hgn_seed256_20260916-195514.json;cafrec_harness/results/modal/HGN_kuairand_pure_bs512_ce_hgn_seed512_20260916-195541.json;cafrec_harness/results/modal/HGN_kuairand_pure_bs512_ce_hgn_seed1024_20260916-195554.json;cafrec_harness/results/modal/HGN_kuairand_pure_bs512_ce_hgn_seed2048_20260916-195444.json,Table IV (tab:res:main),HGN (CE),b54452d,modal_run.py::basesweep --loss ce,512,42;77;123;256;512;1024;2048,Modal A10G,2026-09-16,config block
cafrec_harness/results/modal/HGRU4Rec_kuairand_pure_bs512_ce_hgru4rec_seed42_20260916-195213.json;cafrec_harness/results/modal/HGRU4Rec_kuairand_pure_bs512_ce_hgru4rec_seed77_20260916-195224.json;cafrec_harness/results/modal/HGRU4Rec_kuairand_pure_bs512_ce_hgru4rec_seed123_20260916-195247.json;cafrec_harness/results/modal/HGRU4Rec_kuairand_pure_bs512_ce_hgru4rec_seed256_20260916-195322.json;cafrec_harness/results/modal/HGRU4Rec_kuairand_pure_bs512_ce_hgru4rec_seed512_20260916-195345.json;cafrec_harness/results/modal/HGRU4Rec_kuairand_pure_bs512_ce_hgru4rec_seed1024_20260916-195416.json;cafrec_harness/results/modal/HGRU4Rec_kuairand_pure_bs512_ce_hgru4rec_seed2048_20260916-195432.json,Table IV (tab:res:main),U-GRU (CE),b54452d,modal_run.py::basesweep --loss ce,512,42;77;123;256;512;1024;2048,Modal A10G,2026-09-16,config block
cafrec_harness/results/modal/HGN_kuairand_pure_bs512_hgn_seed42_20260916-192741.json;cafrec_harness/results/modal/HGN_kuairand_pure_bs512_hgn_seed77_20260916-192731.json;cafrec_harness/results/modal/HGN_kuairand_pure_bs512_hgn_seed123_20260916-192734.json;cafrec_harness/results/modal/HGN_kuairand_pure_bs512_hgn_seed256_20260916-192738.json;cafrec_harness/results/modal/HGN_kuairand_pure_bs512_hgn_seed512_20260916-192739.json;cafrec_harness/results/modal/HGN_kuairand_pure_bs512_hgn_seed1024_20260916-192930.json;cafrec_harness/results/modal/HGN_kuairand_pure_bs512_hgn_seed2048_20260916-192935.json,Table IV (tab:res:main),HGN (BPR),b54452d,modal_run.py::basesweep,512,42;77;123;256;512;1024;2048,Modal A10G,2026-09-16,config block
cafrec_harness/results/modal/HGRU4Rec_kuairand_pure_bs512_hgru4rec_seed42_20260916-192959.json;cafrec_harness/results/modal/HGRU4Rec_kuairand_pure_bs512_hgru4rec_seed77_20260916-193001.json;cafrec_harness/results/modal/HGRU4Rec_kuairand_pure_bs512_hgru4rec_seed123_20260916-193008.json;cafrec_harness/results/modal/HGRU4Rec_kuairand_pure_bs512_hgru4rec_seed256_20260916-193014.json;cafrec_harness/results/modal/HGRU4Rec_kuairand_pure_bs512_hgru4rec_seed512_20260916-193021.json;cafrec_harness/results/modal/HGRU4Rec_kuairand_pure_bs512_hgru4rec_seed1024_20260916-193037.json;cafrec_harness/results/modal/HGRU4Rec_kuairand_pure_bs512_hgru4rec_seed2048_20260916-193145.json,Table IV (tab:res:main),U-GRU (BPR),b54452d,modal_run.py::basesweep,512,42;77;123;256;512;1024;2048,Modal A10G,2026-09-16,config block
cafrec_harness/results/modal/CAFREC_kuairand_pure_ctx_noprof_ms_s42_seed42_20260826-152318.json;cafrec_harness/results/modal/CAFREC_kuairand_pure_ctx_noprof_ms_s77_seed77_20260826-152323.json;cafrec_harness/results/modal/CAFREC_kuairand_pure_ctx_noprof_ms_s123_seed123_20260826-152314.json;cafrec_harness/results/modal/CAFREC_kuairand_pure_ctx_noprof_ms_s256_seed256_20260826-153211.json;cafrec_harness/results/modal/CAFREC_kuairand_pure_ctx_noprof_ms_s512_seed512_20260826-153238.json;cafrec_harness/results/modal/CAFREC_kuairand_pure_ctx_noprof_ms_s1024_seed1024_20260826-153259.json;cafrec_harness/results/modal/CAFREC_kuairand_pure_ctx_noprof_ms_s2048_seed2048_20260826-153316.json;cafrec_harness/results/modal/SASRec_kuairand_pure_bs512_sasrec_seed42_20260916-062609.json;cafrec_harness/results/modal/SASRec_kuairand_pure_bs512_sasrec_seed77_20260916-062605.json;cafrec_harness/results/modal/SASRec_kuairand_pure_bs512_sasrec_seed123_20260916-062558.json;cafrec_harness/results/modal/SASRec_kuairand_pure_bs512_sasrec_seed256_20260916-062616.json;cafrec_harness/results/modal/SASRec_kuairand_pure_bs512_sasrec_seed512_20260916-062617.json;cafrec_harness/results/modal/SASRec_kuairand_pure_bs512_sasrec_seed1024_20260916-062552.json;cafrec_harness/results/modal/SASRec_kuairand_pure_bs512_sasrec_seed2048_20260916-062603.json,Table V (tab:res:tests),"CAFREC-NP vs SASRec, HR@10",ae63ec4;6c5482b,run_manyseed.py (modal_run.train);modal_run.py::bsweep,512,42;77;123;256;512;1024;2048,Modal A10G,2026-08-26..2026-09-16,launch code: modal_run.py L72 branch (5f8f956..b478590) sets 512 for *_ctx;launch code: bsweep passes train_batch_size=512
cafrec_harness/results/modal/CAFREC_kuairand_pure_ctx_noprof_ms_s42_seed42_20260826-152318.json;cafrec_harness/results/modal/CAFREC_kuairand_pure_ctx_noprof_ms_s77_seed77_20260826-152323.json;cafrec_harness/results/modal/CAFREC_kuairand_pure_ctx_noprof_ms_s123_seed123_20260826-152314.json;cafrec_harness/results/modal/CAFREC_kuairand_pure_ctx_noprof_ms_s256_seed256_20260826-153211.json;cafrec_harness/results/modal/CAFREC_kuairand_pure_ctx_noprof_ms_s512_seed512_20260826-153238.json;cafrec_harness/results/modal/CAFREC_kuairand_pure_ctx_noprof_ms_s1024_seed1024_20260826-153259.json;cafrec_harness/results/modal/CAFREC_kuairand_pure_ctx_noprof_ms_s2048_seed2048_20260826-153316.json;cafrec_harness/results/modal/SASRec_kuairand_pure_bs512_sasrec_seed42_20260916-062609.json;cafrec_harness/results/modal/SASRec_kuairand_pure_bs512_sasrec_seed77_20260916-062605.json;cafrec_harness/results/modal/SASRec_kuairand_pure_bs512_sasrec_seed123_20260916-062558.json;cafrec_harness/results/modal/SASRec_kuairand_pure_bs512_sasrec_seed256_20260916-062616.json;cafrec_harness/results/modal/SASRec_kuairand_pure_bs512_sasrec_seed512_20260916-062617.json;cafrec_harness/results/modal/SASRec_kuairand_pure_bs512_sasrec_seed1024_20260916-062552.json;cafrec_harness/results/modal/SASRec_kuairand_pure_bs512_sasrec_seed2048_20260916-062603.json,Table V (tab:res:tests),"CAFREC-NP vs SASRec, NDCG@10",ae63ec4;6c5482b,run_manyseed.py (modal_run.train);modal_run.py::bsweep,512,42;77;123;256;512;1024;2048,Modal A10G,2026-08-26..2026-09-16,launch code: modal_run.py L72 branch (5f8f956..b478590) sets 512 for *_ctx;launch code: bsweep passes train_batch_size=512
cafrec_harness/results/modal/CAFREC_kuairand_pure_ctx_noprof_ms_s42_seed42_20260826-152318.json;cafrec_harness/results/modal/CAFREC_kuairand_pure_ctx_noprof_ms_s77_seed77_20260826-152323.json;cafrec_harness/results/modal/CAFREC_kuairand_pure_ctx_noprof_ms_s123_seed123_20260826-152314.json;cafrec_harness/results/modal/CAFREC_kuairand_pure_ctx_noprof_ms_s256_seed256_20260826-153211.json;cafrec_harness/results/modal/CAFREC_kuairand_pure_ctx_noprof_ms_s512_seed512_20260826-153238.json;cafrec_harness/results/modal/CAFREC_kuairand_pure_ctx_noprof_ms_s1024_seed1024_20260826-153259.json;cafrec_harness/results/modal/CAFREC_kuairand_pure_ctx_noprof_ms_s2048_seed2048_20260826-153316.json;cafrec_harness/results/modal/SASRec_kuairand_pure_bs512_sasrec_seed42_20260916-062609.json;cafrec_harness/results/modal/SASRec_kuairand_pure_bs512_sasrec_seed77_20260916-062605.json;cafrec_harness/results/modal/SASRec_kuairand_pure_bs512_sasrec_seed123_20260916-062558.json;cafrec_harness/results/modal/SASRec_kuairand_pure_bs512_sasrec_seed256_20260916-062616.json;cafrec_harness/results/modal/SASRec_kuairand_pure_bs512_sasrec_seed512_20260916-062617.json;cafrec_harness/results/modal/SASRec_kuairand_pure_bs512_sasrec_seed1024_20260916-062552.json;cafrec_harness/results/modal/SASRec_kuairand_pure_bs512_sasrec_seed2048_20260916-062603.json,Table V (tab:res:tests),"CAFREC-NP vs SASRec, MRR@10",ae63ec4;6c5482b,run_manyseed.py (modal_run.train);modal_run.py::bsweep,512,42;77;123;256;512;1024;2048,Modal A10G,2026-08-26..2026-09-16,launch code: modal_run.py L72 branch (5f8f956..b478590) sets 512 for *_ctx;launch code: bsweep passes train_batch_size=512
cafrec_harness/results/modal/CAFREC_kuairand_pure_ctx_bge_ms_s42_seed42_20260826-153243.json;cafrec_harness/results/modal/CAFREC_kuairand_pure_ctx_bge_ms_s77_seed77_20260826-153307.json;cafrec_harness/results/modal/CAFREC_kuairand_pure_ctx_bge_ms_s123_seed123_20260826-152635.json;cafrec_harness/results/modal/CAFREC_kuairand_pure_ctx_bge_ms_s256_seed256_20260826-152650.json;cafrec_harness/results/modal/CAFREC_kuairand_pure_ctx_bge_ms_s512_seed512_20260826-152648.json;cafrec_harness/results/modal/CAFREC_kuairand_pure_ctx_bge_ms_s1024_seed1024_20260826-153621.json;cafrec_harness/results/modal/CAFREC_kuairand_pure_ctx_bge_ms_s2048_seed2048_20260826-152956.json;cafrec_harness/results/modal/SASRec_kuairand_pure_bs512_sasrec_seed42_20260916-062609.json;cafrec_harness/results/modal/SASRec_kuairand_pure_bs512_sasrec_seed77_20260916-062605.json;cafrec_harness/results/modal/SASRec_kuairand_pure_bs512_sasrec_seed123_20260916-062558.json;cafrec_harness/results/modal/SASRec_kuairand_pure_bs512_sasrec_seed256_20260916-062616.json;cafrec_harness/results/modal/SASRec_kuairand_pure_bs512_sasrec_seed512_20260916-062617.json;cafrec_harness/results/modal/SASRec_kuairand_pure_bs512_sasrec_seed1024_20260916-062552.json;cafrec_harness/results/modal/SASRec_kuairand_pure_bs512_sasrec_seed2048_20260916-062603.json,Table V (tab:res:tests),"CAFREC vs SASRec, HR@10",ae63ec4;6c5482b,run_manyseed.py (modal_run.train);modal_run.py::bsweep,512,42;77;123;256;512;1024;2048,Modal A10G,2026-08-26..2026-09-16,launch code: modal_run.py L72 branch (5f8f956..b478590) sets 512 for *_ctx;launch code: bsweep passes train_batch_size=512
cafrec_harness/results/modal/CAFREC_kuairand_pure_ctx_bge_ms_s42_seed42_20260826-153243.json;cafrec_harness/results/modal/CAFREC_kuairand_pure_ctx_bge_ms_s77_seed77_20260826-153307.json;cafrec_harness/results/modal/CAFREC_kuairand_pure_ctx_bge_ms_s123_seed123_20260826-152635.json;cafrec_harness/results/modal/CAFREC_kuairand_pure_ctx_bge_ms_s256_seed256_20260826-152650.json;cafrec_harness/results/modal/CAFREC_kuairand_pure_ctx_bge_ms_s512_seed512_20260826-152648.json;cafrec_harness/results/modal/CAFREC_kuairand_pure_ctx_bge_ms_s1024_seed1024_20260826-153621.json;cafrec_harness/results/modal/CAFREC_kuairand_pure_ctx_bge_ms_s2048_seed2048_20260826-152956.json;cafrec_harness/results/modal/SASRec_kuairand_pure_bs512_sasrec_seed42_20260916-062609.json;cafrec_harness/results/modal/SASRec_kuairand_pure_bs512_sasrec_seed77_20260916-062605.json;cafrec_harness/results/modal/SASRec_kuairand_pure_bs512_sasrec_seed123_20260916-062558.json;cafrec_harness/results/modal/SASRec_kuairand_pure_bs512_sasrec_seed256_20260916-062616.json;cafrec_harness/results/modal/SASRec_kuairand_pure_bs512_sasrec_seed512_20260916-062617.json;cafrec_harness/results/modal/SASRec_kuairand_pure_bs512_sasrec_seed1024_20260916-062552.json;cafrec_harness/results/modal/SASRec_kuairand_pure_bs512_sasrec_seed2048_20260916-062603.json,Table V (tab:res:tests),"CAFREC vs SASRec, NDCG@10",ae63ec4;6c5482b,run_manyseed.py (modal_run.train);modal_run.py::bsweep,512,42;77;123;256;512;1024;2048,Modal A10G,2026-08-26..2026-09-16,launch code: modal_run.py L72 branch (5f8f956..b478590) sets 512 for *_ctx;launch code: bsweep passes train_batch_size=512
cafrec_harness/results/modal/CAFREC_kuairand_pure_ctx_bge_ms_s42_seed42_20260826-153243.json;cafrec_harness/results/modal/CAFREC_kuairand_pure_ctx_bge_ms_s77_seed77_20260826-153307.json;cafrec_harness/results/modal/CAFREC_kuairand_pure_ctx_bge_ms_s123_seed123_20260826-152635.json;cafrec_harness/results/modal/CAFREC_kuairand_pure_ctx_bge_ms_s256_seed256_20260826-152650.json;cafrec_harness/results/modal/CAFREC_kuairand_pure_ctx_bge_ms_s512_seed512_20260826-152648.json;cafrec_harness/results/modal/CAFREC_kuairand_pure_ctx_bge_ms_s1024_seed1024_20260826-153621.json;cafrec_harness/results/modal/CAFREC_kuairand_pure_ctx_bge_ms_s2048_seed2048_20260826-152956.json;cafrec_harness/results/modal/SASRec_kuairand_pure_bs512_sasrec_seed42_20260916-062609.json;cafrec_harness/results/modal/SASRec_kuairand_pure_bs512_sasrec_seed77_20260916-062605.json;cafrec_harness/results/modal/SASRec_kuairand_pure_bs512_sasrec_seed123_20260916-062558.json;cafrec_harness/results/modal/SASRec_kuairand_pure_bs512_sasrec_seed256_20260916-062616.json;cafrec_harness/results/modal/SASRec_kuairand_pure_bs512_sasrec_seed512_20260916-062617.json;cafrec_harness/results/modal/SASRec_kuairand_pure_bs512_sasrec_seed1024_20260916-062552.json;cafrec_harness/results/modal/SASRec_kuairand_pure_bs512_sasrec_seed2048_20260916-062603.json,Table V (tab:res:tests),"CAFREC vs SASRec, MRR@10",ae63ec4;6c5482b,run_manyseed.py (modal_run.train);modal_run.py::bsweep,512,42;77;123;256;512;1024;2048,Modal A10G,2026-08-26..2026-09-16,launch code: modal_run.py L72 branch (5f8f956..b478590) sets 512 for *_ctx;launch code: bsweep passes train_batch_size=512
cafrec_harness/results/modal/SASRec_kuairand_pure_bs512_sasrec_seed42_20260916-062609.json;cafrec_harness/results/modal/CAFREC_kuairand_pure_ctx_noprof_ms_s42_seed42_20260826-152318.json,Table VI (tab:res:seeds),Seed 42,6c5482b;ae63ec4,modal_run.py::bsweep;run_manyseed.py (modal_run.train),512,42,Modal A10G,2026-08-26..2026-09-16,launch code: bsweep passes train_batch_size=512;launch code: modal_run.py L72 branch (5f8f956..b478590) sets 512 for *_ctx
cafrec_harness/results/modal/SASRec_kuairand_pure_bs512_sasrec_seed77_20260916-062605.json;cafrec_harness/results/modal/CAFREC_kuairand_pure_ctx_noprof_ms_s77_seed77_20260826-152323.json,Table VI (tab:res:seeds),Seed 77,6c5482b;ae63ec4,modal_run.py::bsweep;run_manyseed.py (modal_run.train),512,77,Modal A10G,2026-08-26..2026-09-16,launch code: bsweep passes train_batch_size=512;launch code: modal_run.py L72 branch (5f8f956..b478590) sets 512 for *_ctx
cafrec_harness/results/modal/SASRec_kuairand_pure_bs512_sasrec_seed123_20260916-062558.json;cafrec_harness/results/modal/CAFREC_kuairand_pure_ctx_noprof_ms_s123_seed123_20260826-152314.json,Table VI (tab:res:seeds),Seed 123,6c5482b;ae63ec4,modal_run.py::bsweep;run_manyseed.py (modal_run.train),512,123,Modal A10G,2026-08-26..2026-09-16,launch code: bsweep passes train_batch_size=512;launch code: modal_run.py L72 branch (5f8f956..b478590) sets 512 for *_ctx
cafrec_harness/results/modal/SASRec_kuairand_pure_bs512_sasrec_seed256_20260916-062616.json;cafrec_harness/results/modal/CAFREC_kuairand_pure_ctx_noprof_ms_s256_seed256_20260826-153211.json,Table VI (tab:res:seeds),Seed 256,6c5482b;ae63ec4,modal_run.py::bsweep;run_manyseed.py (modal_run.train),512,256,Modal A10G,2026-08-26..2026-09-16,launch code: bsweep passes train_batch_size=512;launch code: modal_run.py L72 branch (5f8f956..b478590) sets 512 for *_ctx
cafrec_harness/results/modal/SASRec_kuairand_pure_bs512_sasrec_seed512_20260916-062617.json;cafrec_harness/results/modal/CAFREC_kuairand_pure_ctx_noprof_ms_s512_seed512_20260826-153238.json,Table VI (tab:res:seeds),Seed 512,6c5482b;ae63ec4,modal_run.py::bsweep;run_manyseed.py (modal_run.train),512,512,Modal A10G,2026-08-26..2026-09-16,launch code: bsweep passes train_batch_size=512;launch code: modal_run.py L72 branch (5f8f956..b478590) sets 512 for *_ctx
cafrec_harness/results/modal/SASRec_kuairand_pure_bs512_sasrec_seed1024_20260916-062552.json;cafrec_harness/results/modal/CAFREC_kuairand_pure_ctx_noprof_ms_s1024_seed1024_20260826-153259.json,Table VI (tab:res:seeds),Seed 1024,6c5482b;ae63ec4,modal_run.py::bsweep;run_manyseed.py (modal_run.train),512,1024,Modal A10G,2026-08-26..2026-09-16,launch code: bsweep passes train_batch_size=512;launch code: modal_run.py L72 branch (5f8f956..b478590) sets 512 for *_ctx
cafrec_harness/results/modal/SASRec_kuairand_pure_bs512_sasrec_seed2048_20260916-062603.json;cafrec_harness/results/modal/CAFREC_kuairand_pure_ctx_noprof_ms_s2048_seed2048_20260826-153316.json,Table VI (tab:res:seeds),Seed 2048,6c5482b;ae63ec4,modal_run.py::bsweep;run_manyseed.py (modal_run.train),512,2048,Modal A10G,2026-08-26..2026-09-16,launch code: bsweep passes train_batch_size=512;launch code: modal_run.py L72 branch (5f8f956..b478590) sets 512 for *_ctx
cafrec_harness/results/modal/SASRec_kuairand_pure_bs512_sasrec_seed42_20260916-062609.json;cafrec_harness/results/modal/SASRec_kuairand_pure_bs512_sasrec_seed77_20260916-062605.json;cafrec_harness/results/modal/SASRec_kuairand_pure_bs512_sasrec_seed123_20260916-062558.json;cafrec_harness/results/modal/SASRec_kuairand_pure_bs512_sasrec_seed256_20260916-062616.json;cafrec_harness/results/modal/SASRec_kuairand_pure_bs512_sasrec_seed512_20260916-062617.json;cafrec_harness/results/modal/SASRec_kuairand_pure_bs512_sasrec_seed1024_20260916-062552.json;cafrec_harness/results/modal/SASRec_kuairand_pure_bs512_sasrec_seed2048_20260916-062603.json;cafrec_harness/results/modal/CAFREC_kuairand_pure_ctx_noprof_ms_s42_seed42_20260826-152318.json;cafrec_harness/results/modal/CAFREC_kuairand_pure_ctx_noprof_ms_s77_seed77_20260826-152323.json;cafrec_harness/results/modal/CAFREC_kuairand_pure_ctx_noprof_ms_s123_seed123_20260826-152314.json;cafrec_harness/results/modal/CAFREC_kuairand_pure_ctx_noprof_ms_s256_seed256_20260826-153211.json;cafrec_harness/results/modal/CAFREC_kuairand_pure_ctx_noprof_ms_s512_seed512_20260826-153238.json;cafrec_harness/results/modal/CAFREC_kuairand_pure_ctx_noprof_ms_s1024_seed1024_20260826-153259.json;cafrec_harness/results/modal/CAFREC_kuairand_pure_ctx_noprof_ms_s2048_seed2048_20260826-153316.json,Table VI (tab:res:seeds),Mean,6c5482b;ae63ec4,modal_run.py::bsweep;run_manyseed.py (modal_run.train),512,42;77;123;256;512;1024;2048,Modal A10G,2026-08-26..2026-09-16,launch code: bsweep passes train_batch_size=512;launch code: modal_run.py L72 branch (5f8f956..b478590) sets 512 for *_ctx
cafrec_harness/results/modal/SASRec_kuairand_pure_bs512_sasrec_seed42_20260916-062609.json;cafrec_harness/results/modal/SASRec_kuairand_pure_bs512_sasrec_seed77_20260916-062605.json;cafrec_harness/results/modal/SASRec_kuairand_pure_bs512_sasrec_seed123_20260916-062558.json;cafrec_harness/results/modal/SASRec_kuairand_pure_bs512_sasrec_seed256_20260916-062616.json;cafrec_harness/results/modal/SASRec_kuairand_pure_bs512_sasrec_seed512_20260916-062617.json;cafrec_harness/results/modal/SASRec_kuairand_pure_bs512_sasrec_seed1024_20260916-062552.json;cafrec_harness/results/modal/SASRec_kuairand_pure_bs512_sasrec_seed2048_20260916-062603.json;cafrec_harness/results/modal/CAFREC_kuairand_pure_ctx_noprof_ms_s42_seed42_20260826-152318.json;cafrec_harness/results/modal/CAFREC_kuairand_pure_ctx_noprof_ms_s77_seed77_20260826-152323.json;cafrec_harness/results/modal/CAFREC_kuairand_pure_ctx_noprof_ms_s123_seed123_20260826-152314.json;cafrec_harness/results/modal/CAFREC_kuairand_pure_ctx_noprof_ms_s256_seed256_20260826-153211.json;cafrec_harness/results/modal/CAFREC_kuairand_pure_ctx_noprof_ms_s512_seed512_20260826-153238.json;cafrec_harness/results/modal/CAFREC_kuairand_pure_ctx_noprof_ms_s1024_seed1024_20260826-153259.json;cafrec_harness/results/modal/CAFREC_kuairand_pure_ctx_noprof_ms_s2048_seed2048_20260826-153316.json,Table VI (tab:res:seeds),SD,6c5482b;ae63ec4,modal_run.py::bsweep;run_manyseed.py (modal_run.train),512,42;77;123;256;512;1024;2048,Modal A10G,2026-08-26..2026-09-16,launch code: bsweep passes train_batch_size=512;launch code: modal_run.py L72 branch (5f8f956..b478590) sets 512 for *_ctx
cafrec_harness/results/local_gpu/CAFREC_kuairand_pure_ctx_tuned16_np_gs08_seed42.json;cafrec_harness/results/local_gpu/CAFREC_kuairand_pure_ctx_tuned16_np_gs08_seed77.json;cafrec_harness/results/local_gpu/CAFREC_kuairand_pure_ctx_tuned16_np_gs08_seed123.json;cafrec_harness/results/local_gpu/CAFREC_kuairand_pure_ctx_tuned16_np_gs08_seed256.json;cafrec_harness/results/local_gpu/CAFREC_kuairand_pure_ctx_tuned16_np_gs08_seed512.json;cafrec_harness/results/local_gpu/CAFREC_kuairand_pure_ctx_tuned16_np_gs08_seed1024.json;cafrec_harness/results/local_gpu/CAFREC_kuairand_pure_ctx_tuned16_np_gs08_seed2048.json;cafrec_harness/results/local_gpu/SASRec_kuairand_pure_tuned16_sasrec_gs13_seed42.json;cafrec_harness/results/local_gpu/SASRec_kuairand_pure_tuned16_sasrec_gs13_seed77.json;cafrec_harness/results/local_gpu/SASRec_kuairand_pure_tuned16_sasrec_gs13_seed123.json;cafrec_harness/results/local_gpu/SASRec_kuairand_pure_tuned16_sasrec_gs13_seed256.json;cafrec_harness/results/local_gpu/SASRec_kuairand_pure_tuned16_sasrec_gs13_seed512.json;cafrec_harness/results/local_gpu/SASRec_kuairand_pure_tuned16_sasrec_gs13_seed1024.json;cafrec_harness/results/local_gpu/SASRec_kuairand_pure_tuned16_sasrec_gs13_seed2048.json,Table VII (tab:res:tuneddiff),"All users, HR@10",4841de5,local_run.py --queue gpu_tuned (gpu_chain.py),512,42;77;123;256;512;1024;2048,NVIDIA RTX 2060 SUPER (home PC),2026-09-19..2026-09-20,config block
cafrec_harness/results/local_gpu/CAFREC_kuairand_pure_ctx_tuned16_np_gs08_seed42.json;cafrec_harness/results/local_gpu/CAFREC_kuairand_pure_ctx_tuned16_np_gs08_seed77.json;cafrec_harness/results/local_gpu/CAFREC_kuairand_pure_ctx_tuned16_np_gs08_seed123.json;cafrec_harness/results/local_gpu/CAFREC_kuairand_pure_ctx_tuned16_np_gs08_seed256.json;cafrec_harness/results/local_gpu/CAFREC_kuairand_pure_ctx_tuned16_np_gs08_seed512.json;cafrec_harness/results/local_gpu/CAFREC_kuairand_pure_ctx_tuned16_np_gs08_seed1024.json;cafrec_harness/results/local_gpu/CAFREC_kuairand_pure_ctx_tuned16_np_gs08_seed2048.json;cafrec_harness/results/local_gpu/SASRec_kuairand_pure_tuned16_sasrec_gs13_seed42.json;cafrec_harness/results/local_gpu/SASRec_kuairand_pure_tuned16_sasrec_gs13_seed77.json;cafrec_harness/results/local_gpu/SASRec_kuairand_pure_tuned16_sasrec_gs13_seed123.json;cafrec_harness/results/local_gpu/SASRec_kuairand_pure_tuned16_sasrec_gs13_seed256.json;cafrec_harness/results/local_gpu/SASRec_kuairand_pure_tuned16_sasrec_gs13_seed512.json;cafrec_harness/results/local_gpu/SASRec_kuairand_pure_tuned16_sasrec_gs13_seed1024.json;cafrec_harness/results/local_gpu/SASRec_kuairand_pure_tuned16_sasrec_gs13_seed2048.json,Table VII (tab:res:tuneddiff),"All users, NDCG@10",4841de5,local_run.py --queue gpu_tuned (gpu_chain.py),512,42;77;123;256;512;1024;2048,NVIDIA RTX 2060 SUPER (home PC),2026-09-19..2026-09-20,config block
cafrec_harness/results/local_gpu/CAFREC_kuairand_pure_ctx_tuned16_np_gs08_seed42.json;cafrec_harness/results/local_gpu/CAFREC_kuairand_pure_ctx_tuned16_np_gs08_seed77.json;cafrec_harness/results/local_gpu/CAFREC_kuairand_pure_ctx_tuned16_np_gs08_seed123.json;cafrec_harness/results/local_gpu/CAFREC_kuairand_pure_ctx_tuned16_np_gs08_seed256.json;cafrec_harness/results/local_gpu/CAFREC_kuairand_pure_ctx_tuned16_np_gs08_seed512.json;cafrec_harness/results/local_gpu/CAFREC_kuairand_pure_ctx_tuned16_np_gs08_seed1024.json;cafrec_harness/results/local_gpu/CAFREC_kuairand_pure_ctx_tuned16_np_gs08_seed2048.json;cafrec_harness/results/local_gpu/SASRec_kuairand_pure_tuned16_sasrec_gs13_seed42.json;cafrec_harness/results/local_gpu/SASRec_kuairand_pure_tuned16_sasrec_gs13_seed77.json;cafrec_harness/results/local_gpu/SASRec_kuairand_pure_tuned16_sasrec_gs13_seed123.json;cafrec_harness/results/local_gpu/SASRec_kuairand_pure_tuned16_sasrec_gs13_seed256.json;cafrec_harness/results/local_gpu/SASRec_kuairand_pure_tuned16_sasrec_gs13_seed512.json;cafrec_harness/results/local_gpu/SASRec_kuairand_pure_tuned16_sasrec_gs13_seed1024.json;cafrec_harness/results/local_gpu/SASRec_kuairand_pure_tuned16_sasrec_gs13_seed2048.json,Table VII (tab:res:tuneddiff),"Opener, HR@10",4841de5,local_run.py --queue gpu_tuned (gpu_chain.py),512,42;77;123;256;512;1024;2048,NVIDIA RTX 2060 SUPER (home PC),2026-09-19..2026-09-20,config block
cafrec_harness/results/local_gpu/CAFREC_kuairand_pure_ctx_tuned16_np_gs08_seed42.json;cafrec_harness/results/local_gpu/CAFREC_kuairand_pure_ctx_tuned16_np_gs08_seed77.json;cafrec_harness/results/local_gpu/CAFREC_kuairand_pure_ctx_tuned16_np_gs08_seed123.json;cafrec_harness/results/local_gpu/CAFREC_kuairand_pure_ctx_tuned16_np_gs08_seed256.json;cafrec_harness/results/local_gpu/CAFREC_kuairand_pure_ctx_tuned16_np_gs08_seed512.json;cafrec_harness/results/local_gpu/CAFREC_kuairand_pure_ctx_tuned16_np_gs08_seed1024.json;cafrec_harness/results/local_gpu/CAFREC_kuairand_pure_ctx_tuned16_np_gs08_seed2048.json;cafrec_harness/results/local_gpu/SASRec_kuairand_pure_tuned16_sasrec_gs13_seed42.json;cafrec_harness/results/local_gpu/SASRec_kuairand_pure_tuned16_sasrec_gs13_seed77.json;cafrec_harness/results/local_gpu/SASRec_kuairand_pure_tuned16_sasrec_gs13_seed123.json;cafrec_harness/results/local_gpu/SASRec_kuairand_pure_tuned16_sasrec_gs13_seed256.json;cafrec_harness/results/local_gpu/SASRec_kuairand_pure_tuned16_sasrec_gs13_seed512.json;cafrec_harness/results/local_gpu/SASRec_kuairand_pure_tuned16_sasrec_gs13_seed1024.json;cafrec_harness/results/local_gpu/SASRec_kuairand_pure_tuned16_sasrec_gs13_seed2048.json,Table VII (tab:res:tuneddiff),"Opener, NDCG@10",4841de5,local_run.py --queue gpu_tuned (gpu_chain.py),512,42;77;123;256;512;1024;2048,NVIDIA RTX 2060 SUPER (home PC),2026-09-19..2026-09-20,config block
cafrec_harness/results/local_gpu/CAFREC_kuairand_pure_ctx_tuned16_np_gs08_seed42.json;cafrec_harness/results/local_gpu/CAFREC_kuairand_pure_ctx_tuned16_np_gs08_seed77.json;cafrec_harness/results/local_gpu/CAFREC_kuairand_pure_ctx_tuned16_np_gs08_seed123.json;cafrec_harness/results/local_gpu/CAFREC_kuairand_pure_ctx_tuned16_np_gs08_seed256.json;cafrec_harness/results/local_gpu/CAFREC_kuairand_pure_ctx_tuned16_np_gs08_seed512.json;cafrec_harness/results/local_gpu/CAFREC_kuairand_pure_ctx_tuned16_np_gs08_seed1024.json;cafrec_harness/results/local_gpu/CAFREC_kuairand_pure_ctx_tuned16_np_gs08_seed2048.json;cafrec_harness/results/local_gpu/SASRec_kuairand_pure_tuned16_sasrec_gs13_seed42.json;cafrec_harness/results/local_gpu/SASRec_kuairand_pure_tuned16_sasrec_gs13_seed77.json;cafrec_harness/results/local_gpu/SASRec_kuairand_pure_tuned16_sasrec_gs13_seed123.json;cafrec_harness/results/local_gpu/SASRec_kuairand_pure_tuned16_sasrec_gs13_seed256.json;cafrec_harness/results/local_gpu/SASRec_kuairand_pure_tuned16_sasrec_gs13_seed512.json;cafrec_harness/results/local_gpu/SASRec_kuairand_pure_tuned16_sasrec_gs13_seed1024.json;cafrec_harness/results/local_gpu/SASRec_kuairand_pure_tuned16_sasrec_gs13_seed2048.json,Table VII (tab:res:tuneddiff),"Within, HR@10",4841de5,local_run.py --queue gpu_tuned (gpu_chain.py),512,42;77;123;256;512;1024;2048,NVIDIA RTX 2060 SUPER (home PC),2026-09-19..2026-09-20,config block
cafrec_harness/results/local_gpu/CAFREC_kuairand_pure_ctx_tuned16_np_gs08_seed42.json;cafrec_harness/results/local_gpu/CAFREC_kuairand_pure_ctx_tuned16_np_gs08_seed77.json;cafrec_harness/results/local_gpu/CAFREC_kuairand_pure_ctx_tuned16_np_gs08_seed123.json;cafrec_harness/results/local_gpu/CAFREC_kuairand_pure_ctx_tuned16_np_gs08_seed256.json;cafrec_harness/results/local_gpu/CAFREC_kuairand_pure_ctx_tuned16_np_gs08_seed512.json;cafrec_harness/results/local_gpu/CAFREC_kuairand_pure_ctx_tuned16_np_gs08_seed1024.json;cafrec_harness/results/local_gpu/CAFREC_kuairand_pure_ctx_tuned16_np_gs08_seed2048.json;cafrec_harness/results/local_gpu/SASRec_kuairand_pure_tuned16_sasrec_gs13_seed42.json;cafrec_harness/results/local_gpu/SASRec_kuairand_pure_tuned16_sasrec_gs13_seed77.json;cafrec_harness/results/local_gpu/SASRec_kuairand_pure_tuned16_sasrec_gs13_seed123.json;cafrec_harness/results/local_gpu/SASRec_kuairand_pure_tuned16_sasrec_gs13_seed256.json;cafrec_harness/results/local_gpu/SASRec_kuairand_pure_tuned16_sasrec_gs13_seed512.json;cafrec_harness/results/local_gpu/SASRec_kuairand_pure_tuned16_sasrec_gs13_seed1024.json;cafrec_harness/results/local_gpu/SASRec_kuairand_pure_tuned16_sasrec_gs13_seed2048.json,Table VII (tab:res:tuneddiff),"Within, NDCG@10",4841de5,local_run.py --queue gpu_tuned (gpu_chain.py),512,42;77;123;256;512;1024;2048,NVIDIA RTX 2060 SUPER (home PC),2026-09-19..2026-09-20,config block
cafrec_harness/results/modal/CAFREC_kuairand_pure_ctx_bge_ms_s42_seed42_20260826-153243.json;cafrec_harness/results/modal/CAFREC_kuairand_pure_ctx_bge_ms_s77_seed77_20260826-153307.json;cafrec_harness/results/modal/CAFREC_kuairand_pure_ctx_bge_ms_s123_seed123_20260826-152635.json;cafrec_harness/results/modal/CAFREC_kuairand_pure_ctx_bge_ms_s256_seed256_20260826-152650.json;cafrec_harness/results/modal/CAFREC_kuairand_pure_ctx_bge_ms_s512_seed512_20260826-152648.json;cafrec_harness/results/modal/CAFREC_kuairand_pure_ctx_bge_ms_s1024_seed1024_20260826-153621.json;cafrec_harness/results/modal/CAFREC_kuairand_pure_ctx_bge_ms_s2048_seed2048_20260826-152956.json;cafrec_harness/results/modal/CAFREC_kuairand_pure_ctx_noprof_ms_s42_seed42_20260826-152318.json;cafrec_harness/results/modal/CAFREC_kuairand_pure_ctx_noprof_ms_s77_seed77_20260826-152323.json;cafrec_harness/results/modal/CAFREC_kuairand_pure_ctx_noprof_ms_s123_seed123_20260826-152314.json;cafrec_harness/results/modal/CAFREC_kuairand_pure_ctx_noprof_ms_s256_seed256_20260826-153211.json;cafrec_harness/results/modal/CAFREC_kuairand_pure_ctx_noprof_ms_s512_seed512_20260826-153238.json;cafrec_harness/results/modal/CAFREC_kuairand_pure_ctx_noprof_ms_s1024_seed1024_20260826-153259.json;cafrec_harness/results/modal/CAFREC_kuairand_pure_ctx_noprof_ms_s2048_seed2048_20260826-153316.json,Table VIII (tab:res:profile),"CAFREC vs CAFREC-NP (7 seeds), HR@10",ae63ec4,run_manyseed.py (modal_run.train),512,42;77;123;256;512;1024;2048,Modal A10G,2026-08-26,launch code: modal_run.py L72 branch (5f8f956..b478590) sets 512 for *_ctx
cafrec_harness/results/modal/CAFREC_kuairand_pure_ctx_bge_ms_s42_seed42_20260826-153243.json;cafrec_harness/results/modal/CAFREC_kuairand_pure_ctx_bge_ms_s77_seed77_20260826-153307.json;cafrec_harness/results/modal/CAFREC_kuairand_pure_ctx_bge_ms_s123_seed123_20260826-152635.json;cafrec_harness/results/modal/CAFREC_kuairand_pure_ctx_bge_ms_s256_seed256_20260826-152650.json;cafrec_harness/results/modal/CAFREC_kuairand_pure_ctx_bge_ms_s512_seed512_20260826-152648.json;cafrec_harness/results/modal/CAFREC_kuairand_pure_ctx_bge_ms_s1024_seed1024_20260826-153621.json;cafrec_harness/results/modal/CAFREC_kuairand_pure_ctx_bge_ms_s2048_seed2048_20260826-152956.json;cafrec_harness/results/modal/CAFREC_kuairand_pure_ctx_noprof_ms_s42_seed42_20260826-152318.json;cafrec_harness/results/modal/CAFREC_kuairand_pure_ctx_noprof_ms_s77_seed77_20260826-152323.json;cafrec_harness/results/modal/CAFREC_kuairand_pure_ctx_noprof_ms_s123_seed123_20260826-152314.json;cafrec_harness/results/modal/CAFREC_kuairand_pure_ctx_noprof_ms_s256_seed256_20260826-153211.json;cafrec_harness/results/modal/CAFREC_kuairand_pure_ctx_noprof_ms_s512_seed512_20260826-153238.json;cafrec_harness/results/modal/CAFREC_kuairand_pure_ctx_noprof_ms_s1024_seed1024_20260826-153259.json;cafrec_harness/results/modal/CAFREC_kuairand_pure_ctx_noprof_ms_s2048_seed2048_20260826-153316.json,Table VIII (tab:res:profile),"CAFREC vs CAFREC-NP (7 seeds), NDCG@10",ae63ec4,run_manyseed.py (modal_run.train),512,42;77;123;256;512;1024;2048,Modal A10G,2026-08-26,launch code: modal_run.py L72 branch (5f8f956..b478590) sets 512 for *_ctx
cafrec_harness/results/modal/CAFREC_kuairand_pure_ctx_prof_7b_seed2020_20260814-105703.json;cafrec_harness/results/modal/CAFREC_kuairand_pure_ctx_prof7b_s2021_seed2021_20260825-140753.json;cafrec_harness/results/modal/CAFREC_kuairand_pure_ctx_prof7b_s403092_seed403092_20260825-140756.json;cafrec_harness/results/modal/CAFREC_kuairand_pure_ctx_bge_topk_s2020_seed2020_20260815-161356.json;cafrec_harness/results/modal/CAFREC_kuairand_pure_ctx_bge_topk_s2021_seed2021_20260815-161340.json;cafrec_harness/results/modal/CAFREC_kuairand_pure_ctx_bge_topk_s403092_seed403092_20260815-161345.json,Table VIII (tab:res:profile),"e5-mistral-7B vs bge-large profile (3 seeds), HR@10",ae63ec4,"run_parallel_pure.py (s2021, s403092); modal_run.py::main CLI (s2020, 2026-08-14, command not logged);modal_run.py::main CLI, --dump-ranks --dump-topk (command not logged)",512,2020;2021;403092,Modal A10G,2026-08-14..2026-08-25,launch code: modal_run.py L72 branch (5f8f956..b478590) sets 512 for *_ctx
cafrec_harness/results/modal/CAFREC_kuairand_pure_ctx_prof_7b_seed2020_20260814-105703.json;cafrec_harness/results/modal/CAFREC_kuairand_pure_ctx_prof7b_s2021_seed2021_20260825-140753.json;cafrec_harness/results/modal/CAFREC_kuairand_pure_ctx_prof7b_s403092_seed403092_20260825-140756.json;cafrec_harness/results/modal/CAFREC_kuairand_pure_ctx_bge_topk_s2020_seed2020_20260815-161356.json;cafrec_harness/results/modal/CAFREC_kuairand_pure_ctx_bge_topk_s2021_seed2021_20260815-161340.json;cafrec_harness/results/modal/CAFREC_kuairand_pure_ctx_bge_topk_s403092_seed403092_20260815-161345.json,Table VIII (tab:res:profile),"e5-mistral-7B vs bge-large profile (3 seeds), NDCG@10",ae63ec4,"run_parallel_pure.py (s2021, s403092); modal_run.py::main CLI (s2020, 2026-08-14, command not logged);modal_run.py::main CLI, --dump-ranks --dump-topk (command not logged)",512,2020;2021;403092,Modal A10G,2026-08-14..2026-08-25,launch code: modal_run.py L72 branch (5f8f956..b478590) sets 512 for *_ctx
cafrec_harness/results/modal/CAFREC_kuairand_pure_ctx_hash_s2020_seed2020_20260916-192813.json;cafrec_harness/results/modal/CAFREC_kuairand_pure_ctx_hash_s2021_seed2021_20260916-192806.json;cafrec_harness/results/modal/CAFREC_kuairand_pure_ctx_hash_s403092_seed403092_20260916-192805.json;cafrec_harness/results/modal/CAFREC_kuairand_pure_ctx_bge_topk_s2020_seed2020_20260815-161356.json;cafrec_harness/results/modal/CAFREC_kuairand_pure_ctx_bge_topk_s2021_seed2021_20260815-161340.json;cafrec_harness/results/modal/CAFREC_kuairand_pure_ctx_bge_topk_s403092_seed403092_20260815-161345.json,Table VIII (tab:res:profile),"Hashing vs bge-large profile (3 seeds), HR@10",b54452d;ae63ec4,"modal_run.py::hashsweep;modal_run.py::main CLI, --dump-ranks --dump-topk (command not logged)",512,2020;2021;403092,Modal A10G,2026-08-15..2026-09-16,config block;launch code: modal_run.py L72 branch (5f8f956..b478590) sets 512 for *_ctx
cafrec_harness/results/modal/CAFREC_kuairand_pure_ctx_hash_s2020_seed2020_20260916-192813.json;cafrec_harness/results/modal/CAFREC_kuairand_pure_ctx_hash_s2021_seed2021_20260916-192806.json;cafrec_harness/results/modal/CAFREC_kuairand_pure_ctx_hash_s403092_seed403092_20260916-192805.json;cafrec_harness/results/modal/CAFREC_kuairand_pure_ctx_bge_topk_s2020_seed2020_20260815-161356.json;cafrec_harness/results/modal/CAFREC_kuairand_pure_ctx_bge_topk_s2021_seed2021_20260815-161340.json;cafrec_harness/results/modal/CAFREC_kuairand_pure_ctx_bge_topk_s403092_seed403092_20260815-161345.json,Table VIII (tab:res:profile),"Hashing vs bge-large profile (3 seeds), NDCG@10",b54452d;ae63ec4,"modal_run.py::hashsweep;modal_run.py::main CLI, --dump-ranks --dump-topk (command not logged)",512,2020;2021;403092,Modal A10G,2026-08-15..2026-09-16,config block;launch code: modal_run.py L72 branch (5f8f956..b478590) sets 512 for *_ctx
cafrec_harness/results/modal/CAFREC_kuairand_pure_ctx_bge_topk_s2020_seed2020_20260815-161356.json;cafrec_harness/results/modal/CAFREC_kuairand_pure_ctx_bge_topk_s2021_seed2021_20260815-161340.json;cafrec_harness/results/modal/CAFREC_kuairand_pure_ctx_bge_topk_s403092_seed403092_20260815-161345.json;cafrec_harness/results/modal/CAFREC_kuairand_pure_ctx_standin_seed2020_20260814-105654.json;cafrec_harness/results/modal/CAFREC_kuairand_pure_ctx_standin_s2021_seed2021_20260825-140723.json;cafrec_harness/results/modal/CAFREC_kuairand_pure_ctx_standin_s403092_seed403092_20260825-141014.json,Table VIII (tab:res:profile),"Frozen bge profile vs trainable stand-in (3 seeds), HR@10",ae63ec4,"modal_run.py::main CLI, --dump-ranks --dump-topk (command not logged);run_parallel_pure.py (s2021, s403092); modal_run.py::main CLI (s2020, 2026-08-14, command not logged)",512,2020;2021;403092,Modal A10G,2026-08-14..2026-08-25,launch code: modal_run.py L72 branch (5f8f956..b478590) sets 512 for *_ctx
cafrec_harness/results/modal/CAFREC_kuairand_pure_ctx_bge_topk_s2020_seed2020_20260815-161356.json;cafrec_harness/results/modal/CAFREC_kuairand_pure_ctx_bge_topk_s2021_seed2021_20260815-161340.json;cafrec_harness/results/modal/CAFREC_kuairand_pure_ctx_bge_topk_s403092_seed403092_20260815-161345.json;cafrec_harness/results/modal/CAFREC_kuairand_pure_ctx_standin_seed2020_20260814-105654.json;cafrec_harness/results/modal/CAFREC_kuairand_pure_ctx_standin_s2021_seed2021_20260825-140723.json;cafrec_harness/results/modal/CAFREC_kuairand_pure_ctx_standin_s403092_seed403092_20260825-141014.json,Table VIII (tab:res:profile),"Frozen bge profile vs trainable stand-in (3 seeds), NDCG@10",ae63ec4,"modal_run.py::main CLI, --dump-ranks --dump-topk (command not logged);run_parallel_pure.py (s2021, s403092); modal_run.py::main CLI (s2020, 2026-08-14, command not logged)",512,2020;2021;403092,Modal A10G,2026-08-14..2026-08-25,launch code: modal_run.py L72 branch (5f8f956..b478590) sets 512 for *_ctx
cafrec_harness/results/modal/CAFREC_kuairand_pure_ctx_bge_ms_s42_seed42_20260826-153243.json;cafrec_harness/results/modal/CAFREC_kuairand_pure_ctx_bge_ms_s77_seed77_20260826-153307.json;cafrec_harness/results/modal/CAFREC_kuairand_pure_ctx_bge_ms_s123_seed123_20260826-152635.json;cafrec_harness/results/modal/CAFREC_kuairand_pure_ctx_bge_ms_s256_seed256_20260826-152650.json;cafrec_harness/results/modal/CAFREC_kuairand_pure_ctx_bge_ms_s512_seed512_20260826-152648.json;cafrec_harness/results/modal/CAFREC_kuairand_pure_ctx_bge_ms_s1024_seed1024_20260826-153621.json;cafrec_harness/results/modal/CAFREC_kuairand_pure_ctx_bge_ms_s2048_seed2048_20260826-152956.json;cafrec_harness/results/modal/CAFREC_kuairand_pure_ctx_noprof_ms_s42_seed42_20260826-152318.json;cafrec_harness/results/modal/CAFREC_kuairand_pure_ctx_noprof_ms_s77_seed77_20260826-152323.json;cafrec_harness/results/modal/CAFREC_kuairand_pure_ctx_noprof_ms_s123_seed123_20260826-152314.json;cafrec_harness/results/modal/CAFREC_kuairand_pure_ctx_noprof_ms_s256_seed256_20260826-153211.json;cafrec_harness/results/modal/CAFREC_kuairand_pure_ctx_noprof_ms_s512_seed512_20260826-153238.json;cafrec_harness/results/modal/CAFREC_kuairand_pure_ctx_noprof_ms_s1024_seed1024_20260826-153259.json;cafrec_harness/results/modal/CAFREC_kuairand_pure_ctx_noprof_ms_s2048_seed2048_20260826-153316.json,Table IX (tab:res:cohort_effect),"CAFREC vs CAFREC-NP, HR@10",ae63ec4,run_manyseed.py (modal_run.train),512,42;77;123;256;512;1024;2048,Modal A10G,2026-08-26,launch code: modal_run.py L72 branch (5f8f956..b478590) sets 512 for *_ctx
cafrec_harness/results/modal/CAFREC_kuairand_pure_ctx_bge_ms_s42_seed42_20260826-153243.json;cafrec_harness/results/modal/CAFREC_kuairand_pure_ctx_bge_ms_s77_seed77_20260826-153307.json;cafrec_harness/results/modal/CAFREC_kuairand_pure_ctx_bge_ms_s123_seed123_20260826-152635.json;cafrec_harness/results/modal/CAFREC_kuairand_pure_ctx_bge_ms_s256_seed256_20260826-152650.json;cafrec_harness/results/modal/CAFREC_kuairand_pure_ctx_bge_ms_s512_seed512_20260826-152648.json;cafrec_harness/results/modal/CAFREC_kuairand_pure_ctx_bge_ms_s1024_seed1024_20260826-153621.json;cafrec_harness/results/modal/CAFREC_kuairand_pure_ctx_bge_ms_s2048_seed2048_20260826-152956.json;cafrec_harness/results/modal/CAFREC_kuairand_pure_ctx_noprof_ms_s42_seed42_20260826-152318.json;cafrec_harness/results/modal/CAFREC_kuairand_pure_ctx_noprof_ms_s77_seed77_20260826-152323.json;cafrec_harness/results/modal/CAFREC_kuairand_pure_ctx_noprof_ms_s123_seed123_20260826-152314.json;cafrec_harness/results/modal/CAFREC_kuairand_pure_ctx_noprof_ms_s256_seed256_20260826-153211.json;cafrec_harness/results/modal/CAFREC_kuairand_pure_ctx_noprof_ms_s512_seed512_20260826-153238.json;cafrec_harness/results/modal/CAFREC_kuairand_pure_ctx_noprof_ms_s1024_seed1024_20260826-153259.json;cafrec_harness/results/modal/CAFREC_kuairand_pure_ctx_noprof_ms_s2048_seed2048_20260826-153316.json,Table IX (tab:res:cohort_effect),"CAFREC vs CAFREC-NP, NDCG@10",ae63ec4,run_manyseed.py (modal_run.train),512,42;77;123;256;512;1024;2048,Modal A10G,2026-08-26,launch code: modal_run.py L72 branch (5f8f956..b478590) sets 512 for *_ctx
cafrec_harness/results/modal/CAFREC_kuairand_pure_ctx_noprof_ms_s42_seed42_20260826-152318.json;cafrec_harness/results/modal/CAFREC_kuairand_pure_ctx_noprof_ms_s77_seed77_20260826-152323.json;cafrec_harness/results/modal/CAFREC_kuairand_pure_ctx_noprof_ms_s123_seed123_20260826-152314.json;cafrec_harness/results/modal/CAFREC_kuairand_pure_ctx_noprof_ms_s256_seed256_20260826-153211.json;cafrec_harness/results/modal/CAFREC_kuairand_pure_ctx_noprof_ms_s512_seed512_20260826-153238.json;cafrec_harness/results/modal/CAFREC_kuairand_pure_ctx_noprof_ms_s1024_seed1024_20260826-153259.json;cafrec_harness/results/modal/CAFREC_kuairand_pure_ctx_noprof_ms_s2048_seed2048_20260826-153316.json;cafrec_harness/results/modal/SASRec_kuairand_pure_bs512_sasrec_seed42_20260916-062609.json;cafrec_harness/results/modal/SASRec_kuairand_pure_bs512_sasrec_seed77_20260916-062605.json;cafrec_harness/results/modal/SASRec_kuairand_pure_bs512_sasrec_seed123_20260916-062558.json;cafrec_harness/results/modal/SASRec_kuairand_pure_bs512_sasrec_seed256_20260916-062616.json;cafrec_harness/results/modal/SASRec_kuairand_pure_bs512_sasrec_seed512_20260916-062617.json;cafrec_harness/results/modal/SASRec_kuairand_pure_bs512_sasrec_seed1024_20260916-062552.json;cafrec_harness/results/modal/SASRec_kuairand_pure_bs512_sasrec_seed2048_20260916-062603.json,Table IX (tab:res:cohort_effect),"CAFREC-NP vs SASRec, HR@10",ae63ec4;6c5482b,run_manyseed.py (modal_run.train);modal_run.py::bsweep,512,42;77;123;256;512;1024;2048,Modal A10G,2026-08-26..2026-09-16,launch code: modal_run.py L72 branch (5f8f956..b478590) sets 512 for *_ctx;launch code: bsweep passes train_batch_size=512
cafrec_harness/results/modal/CAFREC_kuairand_pure_ctx_noprof_ms_s42_seed42_20260826-152318.json;cafrec_harness/results/modal/CAFREC_kuairand_pure_ctx_noprof_ms_s77_seed77_20260826-152323.json;cafrec_harness/results/modal/CAFREC_kuairand_pure_ctx_noprof_ms_s123_seed123_20260826-152314.json;cafrec_harness/results/modal/CAFREC_kuairand_pure_ctx_noprof_ms_s256_seed256_20260826-153211.json;cafrec_harness/results/modal/CAFREC_kuairand_pure_ctx_noprof_ms_s512_seed512_20260826-153238.json;cafrec_harness/results/modal/CAFREC_kuairand_pure_ctx_noprof_ms_s1024_seed1024_20260826-153259.json;cafrec_harness/results/modal/CAFREC_kuairand_pure_ctx_noprof_ms_s2048_seed2048_20260826-153316.json;cafrec_harness/results/modal/SASRec_kuairand_pure_bs512_sasrec_seed42_20260916-062609.json;cafrec_harness/results/modal/SASRec_kuairand_pure_bs512_sasrec_seed77_20260916-062605.json;cafrec_harness/results/modal/SASRec_kuairand_pure_bs512_sasrec_seed123_20260916-062558.json;cafrec_harness/results/modal/SASRec_kuairand_pure_bs512_sasrec_seed256_20260916-062616.json;cafrec_harness/results/modal/SASRec_kuairand_pure_bs512_sasrec_seed512_20260916-062617.json;cafrec_harness/results/modal/SASRec_kuairand_pure_bs512_sasrec_seed1024_20260916-062552.json;cafrec_harness/results/modal/SASRec_kuairand_pure_bs512_sasrec_seed2048_20260916-062603.json,Table IX (tab:res:cohort_effect),"CAFREC-NP vs SASRec, NDCG@10",ae63ec4;6c5482b,run_manyseed.py (modal_run.train);modal_run.py::bsweep,512,42;77;123;256;512;1024;2048,Modal A10G,2026-08-26..2026-09-16,launch code: modal_run.py L72 branch (5f8f956..b478590) sets 512 for *_ctx;launch code: bsweep passes train_batch_size=512
cafrec_harness/results/local/CAFREC_kuairand_pure_ctx_catbeyond512_seed2020.json;cafrec_harness/results/local/CAFREC_kuairand_pure_ctx_catbeyond512_seed2021.json;cafrec_harness/results/local/CAFREC_kuairand_pure_ctx_catbeyond512_seed403092.json;cafrec_harness/results/local/CAFREC_kuairand_pure_ctx_np512_seed2020.json;cafrec_harness/results/local/CAFREC_kuairand_pure_ctx_np512_seed2021.json;cafrec_harness/results/local/CAFREC_kuairand_pure_ctx_np512_seed403092.json,Table X (tab:res:content),"Dense, cat_beyond, HR@10",c9295fe;a8b04d3,local_run.py --queue content_profiles,512,2020;2021;403092,"CPU (labBL6O0K, Xeon 8272CL)",2026-09-17..2026-09-18,config block
cafrec_harness/results/local/CAFREC_kuairand_pure_ctx_catbeyond512_seed2020.json;cafrec_harness/results/local/CAFREC_kuairand_pure_ctx_catbeyond512_seed2021.json;cafrec_harness/results/local/CAFREC_kuairand_pure_ctx_catbeyond512_seed403092.json;cafrec_harness/results/local/CAFREC_kuairand_pure_ctx_np512_seed2020.json;cafrec_harness/results/local/CAFREC_kuairand_pure_ctx_np512_seed2021.json;cafrec_harness/results/local/CAFREC_kuairand_pure_ctx_np512_seed403092.json,Table X (tab:res:content),"Dense, cat_beyond, NDCG@10",c9295fe;a8b04d3,local_run.py --queue content_profiles,512,2020;2021;403092,"CPU (labBL6O0K, Xeon 8272CL)",2026-09-17..2026-09-18,config block
cafrec_harness/results/local/CAFREC_kuairand_pure_ctx_capbeyond512_seed2020.json;cafrec_harness/results/local/CAFREC_kuairand_pure_ctx_capbeyond512_seed2021.json;cafrec_harness/results/local/CAFREC_kuairand_pure_ctx_capbeyond512_seed403092.json;cafrec_harness/results/local/CAFREC_kuairand_pure_ctx_np512_seed2020.json;cafrec_harness/results/local/CAFREC_kuairand_pure_ctx_np512_seed2021.json;cafrec_harness/results/local/CAFREC_kuairand_pure_ctx_np512_seed403092.json,Table X (tab:res:content),"Dense, cap_beyond, HR@10",c9295fe;a8b04d3,local_run.py --queue content_profiles,512,2020;2021;403092,"CPU (labBL6O0K, Xeon 8272CL)",2026-09-17..2026-09-18,config block
cafrec_harness/results/local/CAFREC_kuairand_pure_ctx_capbeyond512_seed2020.json;cafrec_harness/results/local/CAFREC_kuairand_pure_ctx_capbeyond512_seed2021.json;cafrec_harness/results/local/CAFREC_kuairand_pure_ctx_capbeyond512_seed403092.json;cafrec_harness/results/local/CAFREC_kuairand_pure_ctx_np512_seed2020.json;cafrec_harness/results/local/CAFREC_kuairand_pure_ctx_np512_seed2021.json;cafrec_harness/results/local/CAFREC_kuairand_pure_ctx_np512_seed403092.json,Table X (tab:res:content),"Dense, cap_beyond, NDCG@10",c9295fe;a8b04d3,local_run.py --queue content_profiles,512,2020;2021;403092,"CPU (labBL6O0K, Xeon 8272CL)",2026-09-17..2026-09-18,config block
cafrec_harness/results/local/CAFREC_kuairand_pure_ctx_capall512_seed2020.json;cafrec_harness/results/local/CAFREC_kuairand_pure_ctx_capall512_seed2021.json;cafrec_harness/results/local/CAFREC_kuairand_pure_ctx_capall512_seed403092.json;cafrec_harness/results/local/CAFREC_kuairand_pure_ctx_np512_seed2020.json;cafrec_harness/results/local/CAFREC_kuairand_pure_ctx_np512_seed2021.json;cafrec_harness/results/local/CAFREC_kuairand_pure_ctx_np512_seed403092.json,Table X (tab:res:content),"Dense, cap_all, HR@10",c9295fe;a8b04d3,local_run.py --queue content_profiles,512,2020;2021;403092,"CPU (labBL6O0K, Xeon 8272CL)",2026-09-17..2026-09-18,config block
cafrec_harness/results/local/CAFREC_kuairand_pure_ctx_capall512_seed2020.json;cafrec_harness/results/local/CAFREC_kuairand_pure_ctx_capall512_seed2021.json;cafrec_harness/results/local/CAFREC_kuairand_pure_ctx_capall512_seed403092.json;cafrec_harness/results/local/CAFREC_kuairand_pure_ctx_np512_seed2020.json;cafrec_harness/results/local/CAFREC_kuairand_pure_ctx_np512_seed2021.json;cafrec_harness/results/local/CAFREC_kuairand_pure_ctx_np512_seed403092.json,Table X (tab:res:content),"Dense, cap_all, NDCG@10",c9295fe;a8b04d3,local_run.py --queue content_profiles,512,2020;2021;403092,"CPU (labBL6O0K, Xeon 8272CL)",2026-09-17..2026-09-18,config block
cafrec_harness/results/local/CAFREC_kuairand_pure_ctx_catbeyond512_seed2020.json;cafrec_harness/results/local/CAFREC_kuairand_pure_ctx_catbeyond512_seed2021.json;cafrec_harness/results/local/CAFREC_kuairand_pure_ctx_catbeyond512_seed403092.json;cafrec_harness/results/local/CAFREC_kuairand_pure_ctx_np512_seed2020.json;cafrec_harness/results/local/CAFREC_kuairand_pure_ctx_np512_seed2021.json;cafrec_harness/results/local/CAFREC_kuairand_pure_ctx_np512_seed403092.json,Table X (tab:res:content),"All, cat_beyond, NDCG@10",c9295fe;a8b04d3,local_run.py --queue content_profiles,512,2020;2021;403092,"CPU (labBL6O0K, Xeon 8272CL)",2026-09-17..2026-09-18,config block
cafrec_harness/results/local/CAFREC_kuairand_pure_ctx_capbeyond512_seed2020.json;cafrec_harness/results/local/CAFREC_kuairand_pure_ctx_capbeyond512_seed2021.json;cafrec_harness/results/local/CAFREC_kuairand_pure_ctx_capbeyond512_seed403092.json;cafrec_harness/results/local/CAFREC_kuairand_pure_ctx_np512_seed2020.json;cafrec_harness/results/local/CAFREC_kuairand_pure_ctx_np512_seed2021.json;cafrec_harness/results/local/CAFREC_kuairand_pure_ctx_np512_seed403092.json,Table X (tab:res:content),"All, cap_beyond, NDCG@10",c9295fe;a8b04d3,local_run.py --queue content_profiles,512,2020;2021;403092,"CPU (labBL6O0K, Xeon 8272CL)",2026-09-17..2026-09-18,config block
cafrec_harness/results/local/CAFREC_kuairand_pure_ctx_capall512_seed2020.json;cafrec_harness/results/local/CAFREC_kuairand_pure_ctx_capall512_seed2021.json;cafrec_harness/results/local/CAFREC_kuairand_pure_ctx_capall512_seed403092.json;cafrec_harness/results/local/CAFREC_kuairand_pure_ctx_np512_seed2020.json;cafrec_harness/results/local/CAFREC_kuairand_pure_ctx_np512_seed2021.json;cafrec_harness/results/local/CAFREC_kuairand_pure_ctx_np512_seed403092.json,Table X (tab:res:content),"All, cap_all, NDCG@10",c9295fe;a8b04d3,local_run.py --queue content_profiles,512,2020;2021;403092,"CPU (labBL6O0K, Xeon 8272CL)",2026-09-17..2026-09-18,config block
cafrec_harness/results/local/CAFREC_kuairand_pure_ctx_catbeyond512_seed2020.json;cafrec_harness/results/local/CAFREC_kuairand_pure_ctx_catbeyond512_seed2021.json;cafrec_harness/results/local/CAFREC_kuairand_pure_ctx_catbeyond512_seed403092.json;cafrec_harness/results/local/CAFREC_kuairand_pure_ctx_np512_seed2020.json;cafrec_harness/results/local/CAFREC_kuairand_pure_ctx_np512_seed2021.json;cafrec_harness/results/local/CAFREC_kuairand_pure_ctx_np512_seed403092.json,Table X (tab:res:content),"Q1, cat_beyond, NDCG@10",c9295fe;a8b04d3,local_run.py --queue content_profiles,512,2020;2021;403092,"CPU (labBL6O0K, Xeon 8272CL)",2026-09-17..2026-09-18,config block
cafrec_harness/results/local/CAFREC_kuairand_pure_ctx_capbeyond512_seed2020.json;cafrec_harness/results/local/CAFREC_kuairand_pure_ctx_capbeyond512_seed2021.json;cafrec_harness/results/local/CAFREC_kuairand_pure_ctx_capbeyond512_seed403092.json;cafrec_harness/results/local/CAFREC_kuairand_pure_ctx_np512_seed2020.json;cafrec_harness/results/local/CAFREC_kuairand_pure_ctx_np512_seed2021.json;cafrec_harness/results/local/CAFREC_kuairand_pure_ctx_np512_seed403092.json,Table X (tab:res:content),"Q1, cap_beyond, NDCG@10",c9295fe;a8b04d3,local_run.py --queue content_profiles,512,2020;2021;403092,"CPU (labBL6O0K, Xeon 8272CL)",2026-09-17..2026-09-18,config block
cafrec_harness/results/local/CAFREC_kuairand_pure_ctx_capall512_seed2020.json;cafrec_harness/results/local/CAFREC_kuairand_pure_ctx_capall512_seed2021.json;cafrec_harness/results/local/CAFREC_kuairand_pure_ctx_capall512_seed403092.json;cafrec_harness/results/local/CAFREC_kuairand_pure_ctx_np512_seed2020.json;cafrec_harness/results/local/CAFREC_kuairand_pure_ctx_np512_seed2021.json;cafrec_harness/results/local/CAFREC_kuairand_pure_ctx_np512_seed403092.json,Table X (tab:res:content),"Q1, cap_all, NDCG@10",c9295fe;a8b04d3,local_run.py --queue content_profiles,512,2020;2021;403092,"CPU (labBL6O0K, Xeon 8272CL)",2026-09-17..2026-09-18,config block
cafrec_harness/results/modal/CAFREC_kuairand_pure_ctx_bge_topk_s2020_seed2020_20260815-161356.json;cafrec_harness/results/modal/CAFREC_kuairand_pure_ctx_bge_topk_s2021_seed2021_20260815-161340.json;cafrec_harness/results/modal/CAFREC_kuairand_pure_ctx_bge_topk_s403092_seed403092_20260815-161345.json,Table XI (tab:res:fusion),CAFREC (context gate),ae63ec4,"modal_run.py::main CLI, --dump-ranks --dump-topk (command not logged)",512,2020;2021;403092,Modal A10G,2026-08-15,launch code: modal_run.py L72 branch (5f8f956..b478590) sets 512 for *_ctx
cafrec_harness/results/modal/CAFREC_kuairand_pure_ctx_static_gate_s2020_seed2020_20260825-140734.json;cafrec_harness/results/modal/CAFREC_kuairand_pure_ctx_static_gate_s2021_seed2021_20260825-140802.json;cafrec_harness/results/modal/CAFREC_kuairand_pure_ctx_static_gate_s403092_seed403092_20260825-140738.json;cafrec_harness/results/modal/CAFREC_kuairand_pure_ctx_bge_topk_s2020_seed2020_20260815-161356.json;cafrec_harness/results/modal/CAFREC_kuairand_pure_ctx_bge_topk_s2021_seed2021_20260815-161340.json;cafrec_harness/results/modal/CAFREC_kuairand_pure_ctx_bge_topk_s403092_seed403092_20260815-161345.json,Table XI (tab:res:fusion),Static scalar gate,ae63ec4,"run_parallel_pure.py (modal_run.train);modal_run.py::main CLI, --dump-ranks --dump-topk (command not logged)",512,2020;2021;403092,Modal A10G,2026-08-15..2026-08-25,launch code: modal_run.py L72 branch (5f8f956..b478590) sets 512 for *_ctx
cafrec_harness/results/modal/CAFREC_kuairand_pure_ctx_concat_s2020_seed2020_20260825-140739.json;cafrec_harness/results/modal/CAFREC_kuairand_pure_ctx_concat_s2021_seed2021_20260825-140745.json;cafrec_harness/results/modal/CAFREC_kuairand_pure_ctx_concat_s403092_seed403092_20260825-140738.json;cafrec_harness/results/modal/CAFREC_kuairand_pure_ctx_bge_topk_s2020_seed2020_20260815-161356.json;cafrec_harness/results/modal/CAFREC_kuairand_pure_ctx_bge_topk_s2021_seed2021_20260815-161340.json;cafrec_harness/results/modal/CAFREC_kuairand_pure_ctx_bge_topk_s403092_seed403092_20260815-161345.json,Table XI (tab:res:fusion),Concatenation,ae63ec4,"run_parallel_pure.py (modal_run.train);modal_run.py::main CLI, --dump-ranks --dump-topk (command not logged)",512,2020;2021;403092,Modal A10G,2026-08-15..2026-08-25,launch code: modal_run.py L72 branch (5f8f956..b478590) sets 512 for *_ctx
cafrec_harness/results/modal/CAFREC_kuairand_pure_ctx_noprof_topk_s2020_seed2020_20260815-161058.json;cafrec_harness/results/modal/CAFREC_kuairand_pure_ctx_noprof_topk_s2021_seed2021_20260815-161023.json;cafrec_harness/results/modal/CAFREC_kuairand_pure_ctx_noprof_topk_s403092_seed403092_20260815-161026.json,Table XI (tab:res:fusion),CAFREC-NP (reference),ae63ec4,"modal_run.py::main CLI, --dump-ranks --dump-topk (command not logged)",512,2020;2021;403092,Modal A10G,2026-08-15,launch code: modal_run.py L72 branch (5f8f956..b478590) sets 512 for *_ctx
cafrec_harness/results/modal/CAFREC_kuairand_pure_ctx_vector_gate_s2020_seed2020_20260916-192757.json;cafrec_harness/results/modal/CAFREC_kuairand_pure_ctx_vector_gate_s2021_seed2021_20260916-192802.json;cafrec_harness/results/modal/CAFREC_kuairand_pure_ctx_vector_gate_s403092_seed403092_20260916-193022.json;cafrec_harness/results/modal/CAFREC_kuairand_pure_ctx_noprof_topk_s2020_seed2020_20260815-161058.json;cafrec_harness/results/modal/CAFREC_kuairand_pure_ctx_noprof_topk_s2021_seed2021_20260815-161023.json;cafrec_harness/results/modal/CAFREC_kuairand_pure_ctx_noprof_topk_s403092_seed403092_20260815-161026.json,Table XI (tab:res:fusion),Context-free vector gate,b54452d;ae63ec4,"modal_run.py::gatectl;modal_run.py::main CLI, --dump-ranks --dump-topk (command not logged)",512,2020;2021;403092,Modal A10G,2026-08-15..2026-09-16,config block;launch code: modal_run.py L72 branch (5f8f956..b478590) sets 512 for *_ctx
cafrec_harness/results/modal/CAFREC_kuairand_pure_ctx_shuffled_ctx_s2020_seed2020_20260916-193035.json;cafrec_harness/results/modal/CAFREC_kuairand_pure_ctx_shuffled_ctx_s2021_seed2021_20260916-193249.json;cafrec_harness/results/modal/CAFREC_kuairand_pure_ctx_shuffled_ctx_s403092_seed403092_20260916-193309.json;cafrec_harness/results/modal/CAFREC_kuairand_pure_ctx_noprof_topk_s2020_seed2020_20260815-161058.json;cafrec_harness/results/modal/CAFREC_kuairand_pure_ctx_noprof_topk_s2021_seed2021_20260815-161023.json;cafrec_harness/results/modal/CAFREC_kuairand_pure_ctx_noprof_topk_s403092_seed403092_20260815-161026.json,Table XI (tab:res:fusion),Shuffled context,b54452d;ae63ec4,"modal_run.py::gatectl;modal_run.py::main CLI, --dump-ranks --dump-topk (command not logged)",512,2020;2021;403092,Modal A10G,2026-08-15..2026-09-16,config block;launch code: modal_run.py L72 branch (5f8f956..b478590) sets 512 for *_ctx
cafrec_harness/results/modal/CAFREC_kuairand_pure_ctx_bge_topk_s2020_seed2020_20260815-161356.json;cafrec_harness/results/modal/CAFREC_kuairand_pure_ctx_bge_topk_s2021_seed2021_20260815-161340.json;cafrec_harness/results/modal/CAFREC_kuairand_pure_ctx_bge_topk_s403092_seed403092_20260815-161345.json;cafrec_harness/results/modal/CAFREC_kuairand_pure_ctx_static_gate_s2020_seed2020_20260825-140734.json;cafrec_harness/results/modal/CAFREC_kuairand_pure_ctx_static_gate_s2021_seed2021_20260825-140802.json;cafrec_harness/results/modal/CAFREC_kuairand_pure_ctx_static_gate_s403092_seed403092_20260825-140738.json;cafrec_harness/results/modal/CAFREC_kuairand_pure_ctx_concat_s2020_seed2020_20260825-140739.json;cafrec_harness/results/modal/CAFREC_kuairand_pure_ctx_concat_s2021_seed2021_20260825-140745.json;cafrec_harness/results/modal/CAFREC_kuairand_pure_ctx_concat_s403092_seed403092_20260825-140738.json,Table XII (tab:res:h3strata),All users,ae63ec4,"modal_run.py::main CLI, --dump-ranks --dump-topk (command not logged);run_parallel_pure.py (modal_run.train)",512,2020;2021;403092,Modal A10G,2026-08-15..2026-08-25,launch code: modal_run.py L72 branch (5f8f956..b478590) sets 512 for *_ctx
cafrec_harness/results/modal/CAFREC_kuairand_pure_ctx_bge_topk_s2020_seed2020_20260815-161356.json;cafrec_harness/results/modal/CAFREC_kuairand_pure_ctx_bge_topk_s2021_seed2021_20260815-161340.json;cafrec_harness/results/modal/CAFREC_kuairand_pure_ctx_bge_topk_s403092_seed403092_20260815-161345.json;cafrec_harness/results/modal/CAFREC_kuairand_pure_ctx_static_gate_s2020_seed2020_20260825-140734.json;cafrec_harness/results/modal/CAFREC_kuairand_pure_ctx_static_gate_s2021_seed2021_20260825-140802.json;cafrec_harness/results/modal/CAFREC_kuairand_pure_ctx_static_gate_s403092_seed403092_20260825-140738.json;cafrec_harness/results/modal/CAFREC_kuairand_pure_ctx_concat_s2020_seed2020_20260825-140739.json;cafrec_harness/results/modal/CAFREC_kuairand_pure_ctx_concat_s2021_seed2021_20260825-140745.json;cafrec_harness/results/modal/CAFREC_kuairand_pure_ctx_concat_s403092_seed403092_20260825-140738.json,Table XII (tab:res:h3strata),Q1 (<=12),ae63ec4,"modal_run.py::main CLI, --dump-ranks --dump-topk (command not logged);run_parallel_pure.py (modal_run.train)",512,2020;2021;403092,Modal A10G,2026-08-15..2026-08-25,launch code: modal_run.py L72 branch (5f8f956..b478590) sets 512 for *_ctx
cafrec_harness/results/modal/CAFREC_kuairand_pure_ctx_bge_topk_s2020_seed2020_20260815-161356.json;cafrec_harness/results/modal/CAFREC_kuairand_pure_ctx_bge_topk_s2021_seed2021_20260815-161340.json;cafrec_harness/results/modal/CAFREC_kuairand_pure_ctx_bge_topk_s403092_seed403092_20260815-161345.json;cafrec_harness/results/modal/CAFREC_kuairand_pure_ctx_static_gate_s2020_seed2020_20260825-140734.json;cafrec_harness/results/modal/CAFREC_kuairand_pure_ctx_static_gate_s2021_seed2021_20260825-140802.json;cafrec_harness/results/modal/CAFREC_kuairand_pure_ctx_static_gate_s403092_seed403092_20260825-140738.json;cafrec_harness/results/modal/CAFREC_kuairand_pure_ctx_concat_s2020_seed2020_20260825-140739.json;cafrec_harness/results/modal/CAFREC_kuairand_pure_ctx_concat_s2021_seed2021_20260825-140745.json;cafrec_harness/results/modal/CAFREC_kuairand_pure_ctx_concat_s403092_seed403092_20260825-140738.json,Table XII (tab:res:h3strata),Q2 (13-22),ae63ec4,"modal_run.py::main CLI, --dump-ranks --dump-topk (command not logged);run_parallel_pure.py (modal_run.train)",512,2020;2021;403092,Modal A10G,2026-08-15..2026-08-25,launch code: modal_run.py L72 branch (5f8f956..b478590) sets 512 for *_ctx
cafrec_harness/results/modal/CAFREC_kuairand_pure_ctx_bge_topk_s2020_seed2020_20260815-161356.json;cafrec_harness/results/modal/CAFREC_kuairand_pure_ctx_bge_topk_s2021_seed2021_20260815-161340.json;cafrec_harness/results/modal/CAFREC_kuairand_pure_ctx_bge_topk_s403092_seed403092_20260815-161345.json;cafrec_harness/results/modal/CAFREC_kuairand_pure_ctx_static_gate_s2020_seed2020_20260825-140734.json;cafrec_harness/results/modal/CAFREC_kuairand_pure_ctx_static_gate_s2021_seed2021_20260825-140802.json;cafrec_harness/results/modal/CAFREC_kuairand_pure_ctx_static_gate_s403092_seed403092_20260825-140738.json;cafrec_harness/results/modal/CAFREC_kuairand_pure_ctx_concat_s2020_seed2020_20260825-140739.json;cafrec_harness/results/modal/CAFREC_kuairand_pure_ctx_concat_s2021_seed2021_20260825-140745.json;cafrec_harness/results/modal/CAFREC_kuairand_pure_ctx_concat_s403092_seed403092_20260825-140738.json,Table XII (tab:res:h3strata),Q3 (23-38),ae63ec4,"modal_run.py::main CLI, --dump-ranks --dump-topk (command not logged);run_parallel_pure.py (modal_run.train)",512,2020;2021;403092,Modal A10G,2026-08-15..2026-08-25,launch code: modal_run.py L72 branch (5f8f956..b478590) sets 512 for *_ctx
cafrec_harness/results/modal/CAFREC_kuairand_pure_ctx_bge_topk_s2020_seed2020_20260815-161356.json;cafrec_harness/results/modal/CAFREC_kuairand_pure_ctx_bge_topk_s2021_seed2021_20260815-161340.json;cafrec_harness/results/modal/CAFREC_kuairand_pure_ctx_bge_topk_s403092_seed403092_20260815-161345.json;cafrec_harness/results/modal/CAFREC_kuairand_pure_ctx_static_gate_s2020_seed2020_20260825-140734.json;cafrec_harness/results/modal/CAFREC_kuairand_pure_ctx_static_gate_s2021_seed2021_20260825-140802.json;cafrec_harness/results/modal/CAFREC_kuairand_pure_ctx_static_gate_s403092_seed403092_20260825-140738.json;cafrec_harness/results/modal/CAFREC_kuairand_pure_ctx_concat_s2020_seed2020_20260825-140739.json;cafrec_harness/results/modal/CAFREC_kuairand_pure_ctx_concat_s2021_seed2021_20260825-140745.json;cafrec_harness/results/modal/CAFREC_kuairand_pure_ctx_concat_s403092_seed403092_20260825-140738.json,Table XII (tab:res:h3strata),Q4 (>38),ae63ec4,"modal_run.py::main CLI, --dump-ranks --dump-topk (command not logged);run_parallel_pure.py (modal_run.train)",512,2020;2021;403092,Modal A10G,2026-08-15..2026-08-25,launch code: modal_run.py L72 branch (5f8f956..b478590) sets 512 for *_ctx
cafrec_harness/results/modal/CAFREC_kuairand_pure_ctx_bge_topk_s2020_seed2020_20260815-161356.json;cafrec_harness/results/modal/CAFREC_kuairand_pure_ctx_bge_topk_s2021_seed2021_20260815-161340.json;cafrec_harness/results/modal/CAFREC_kuairand_pure_ctx_bge_topk_s403092_seed403092_20260815-161345.json;cafrec_harness/results/modal/CAFREC_kuairand_pure_ctx_static_gate_s2020_seed2020_20260825-140734.json;cafrec_harness/results/modal/CAFREC_kuairand_pure_ctx_static_gate_s2021_seed2021_20260825-140802.json;cafrec_harness/results/modal/CAFREC_kuairand_pure_ctx_static_gate_s403092_seed403092_20260825-140738.json;cafrec_harness/results/modal/CAFREC_kuairand_pure_ctx_concat_s2020_seed2020_20260825-140739.json;cafrec_harness/results/modal/CAFREC_kuairand_pure_ctx_concat_s2021_seed2021_20260825-140745.json;cafrec_harness/results/modal/CAFREC_kuairand_pure_ctx_concat_s403092_seed403092_20260825-140738.json,Table XII (tab:res:h3strata),High drift,ae63ec4,"modal_run.py::main CLI, --dump-ranks --dump-topk (command not logged);run_parallel_pure.py (modal_run.train)",512,2020;2021;403092,Modal A10G,2026-08-15..2026-08-25,launch code: modal_run.py L72 branch (5f8f956..b478590) sets 512 for *_ctx
cafrec_harness/results/modal/CAFREC_kuairand_pure_ctx_bge_topk_s2020_seed2020_20260815-161356.json;cafrec_harness/results/modal/CAFREC_kuairand_pure_ctx_bge_topk_s2021_seed2021_20260815-161340.json;cafrec_harness/results/modal/CAFREC_kuairand_pure_ctx_bge_topk_s403092_seed403092_20260815-161345.json;cafrec_harness/results/modal/CAFREC_kuairand_pure_ctx_static_gate_s2020_seed2020_20260825-140734.json;cafrec_harness/results/modal/CAFREC_kuairand_pure_ctx_static_gate_s2021_seed2021_20260825-140802.json;cafrec_harness/results/modal/CAFREC_kuairand_pure_ctx_static_gate_s403092_seed403092_20260825-140738.json;cafrec_harness/results/modal/CAFREC_kuairand_pure_ctx_concat_s2020_seed2020_20260825-140739.json;cafrec_harness/results/modal/CAFREC_kuairand_pure_ctx_concat_s2021_seed2021_20260825-140745.json;cafrec_harness/results/modal/CAFREC_kuairand_pure_ctx_concat_s403092_seed403092_20260825-140738.json,Table XII (tab:res:h3strata),Low drift,ae63ec4,"modal_run.py::main CLI, --dump-ranks --dump-topk (command not logged);run_parallel_pure.py (modal_run.train)",512,2020;2021;403092,Modal A10G,2026-08-15..2026-08-25,launch code: modal_run.py L72 branch (5f8f956..b478590) sets 512 for *_ctx
cafrec_harness/results/modal/SASRec_kuairand_pure_bs512_sasrec_seed42_20260916-062609.json;cafrec_harness/results/modal/SASRec_kuairand_pure_bs512_sasrec_seed77_20260916-062605.json;cafrec_harness/results/modal/SASRec_kuairand_pure_bs512_sasrec_seed123_20260916-062558.json;cafrec_harness/results/modal/SASRec_kuairand_pure_bs512_sasrec_seed256_20260916-062616.json;cafrec_harness/results/modal/SASRec_kuairand_pure_bs512_sasrec_seed512_20260916-062617.json;cafrec_harness/results/modal/SASRec_kuairand_pure_bs512_sasrec_seed1024_20260916-062552.json;cafrec_harness/results/modal/SASRec_kuairand_pure_bs512_sasrec_seed2048_20260916-062603.json,Table XIII (tab:res:coverage),SASRec,6c5482b,modal_run.py::bsweep,512,42;77;123;256;512;1024;2048,Modal A10G,2026-09-16,launch code: bsweep passes train_batch_size=512
cafrec_harness/results/modal/CAFREC_kuairand_pure_ctx_noprof_topk_s2020_seed2020_20260815-161058.json;cafrec_harness/results/modal/CAFREC_kuairand_pure_ctx_noprof_topk_s2021_seed2021_20260815-161023.json;cafrec_harness/results/modal/CAFREC_kuairand_pure_ctx_noprof_topk_s403092_seed403092_20260815-161026.json,Table XIII (tab:res:coverage),CAFREC-NP,ae63ec4,"modal_run.py::main CLI, --dump-ranks --dump-topk (command not logged)",512,2020;2021;403092,Modal A10G,2026-08-15,launch code: modal_run.py L72 branch (5f8f956..b478590) sets 512 for *_ctx
cafrec_harness/results/modal/CAFREC_kuairand_pure_ctx_bge_topk_s2020_seed2020_20260815-161356.json;cafrec_harness/results/modal/CAFREC_kuairand_pure_ctx_bge_topk_s2021_seed2021_20260815-161340.json;cafrec_harness/results/modal/CAFREC_kuairand_pure_ctx_bge_topk_s403092_seed403092_20260815-161345.json,Table XIII (tab:res:coverage),CAFREC,ae63ec4,"modal_run.py::main CLI, --dump-ranks --dump-topk (command not logged)",512,2020;2021;403092,Modal A10G,2026-08-15,launch code: modal_run.py L72 branch (5f8f956..b478590) sets 512 for *_ctx
cafrec_harness/results/modal/CAFREC_kuairand_pure_ctx_static_gate_s2020_seed2020_20260825-140734.json;cafrec_harness/results/modal/CAFREC_kuairand_pure_ctx_static_gate_s2021_seed2021_20260825-140802.json;cafrec_harness/results/modal/CAFREC_kuairand_pure_ctx_static_gate_s403092_seed403092_20260825-140738.json,Table XIII (tab:res:coverage),Static scalar gate,ae63ec4,run_parallel_pure.py (modal_run.train),512,2020;2021;403092,Modal A10G,2026-08-25,launch code: modal_run.py L72 branch (5f8f956..b478590) sets 512 for *_ctx
cafrec_harness/results/modal/CAFREC_kuairand_pure_ctx_concat_s2020_seed2020_20260825-140739.json;cafrec_harness/results/modal/CAFREC_kuairand_pure_ctx_concat_s2021_seed2021_20260825-140745.json;cafrec_harness/results/modal/CAFREC_kuairand_pure_ctx_concat_s403092_seed403092_20260825-140738.json,Table XIII (tab:res:coverage),Concatenation,ae63ec4,run_parallel_pure.py (modal_run.train),512,2020;2021;403092,Modal A10G,2026-08-25,launch code: modal_run.py L72 branch (5f8f956..b478590) sets 512 for *_ctx
cafrec_harness/results/modal/HGN_kuairand_pure_bs512_ce_hgn_seed42_20260916-195431.json;cafrec_harness/results/modal/HGN_kuairand_pure_bs512_ce_hgn_seed77_20260916-195412.json;cafrec_harness/results/modal/HGN_kuairand_pure_bs512_ce_hgn_seed123_20260916-195547.json;cafrec_harness/results/modal/HGN_kuairand_pure_bs512_ce_hgn_seed256_20260916-195514.json;cafrec_harness/results/modal/HGN_kuairand_pure_bs512_ce_hgn_seed512_20260916-195541.json;cafrec_harness/results/modal/HGN_kuairand_pure_bs512_ce_hgn_seed1024_20260916-195554.json;cafrec_harness/results/modal/HGN_kuairand_pure_bs512_ce_hgn_seed2048_20260916-195444.json,Table XIII (tab:res:coverage),HGN (CE),b54452d,modal_run.py::basesweep --loss ce,512,42;77;123;256;512;1024;2048,Modal A10G,2026-09-16,config block
cafrec_harness/results/modal/HGRU4Rec_kuairand_pure_bs512_ce_hgru4rec_seed42_20260916-195213.json;cafrec_harness/results/modal/HGRU4Rec_kuairand_pure_bs512_ce_hgru4rec_seed77_20260916-195224.json;cafrec_harness/results/modal/HGRU4Rec_kuairand_pure_bs512_ce_hgru4rec_seed123_20260916-195247.json;cafrec_harness/results/modal/HGRU4Rec_kuairand_pure_bs512_ce_hgru4rec_seed256_20260916-195322.json;cafrec_harness/results/modal/HGRU4Rec_kuairand_pure_bs512_ce_hgru4rec_seed512_20260916-195345.json;cafrec_harness/results/modal/HGRU4Rec_kuairand_pure_bs512_ce_hgru4rec_seed1024_20260916-195416.json;cafrec_harness/results/modal/HGRU4Rec_kuairand_pure_bs512_ce_hgru4rec_seed2048_20260916-195432.json,Table XIII (tab:res:coverage),U-GRU (CE),b54452d,modal_run.py::basesweep --loss ce,512,42;77;123;256;512;1024;2048,Modal A10G,2026-09-16,config block
cafrec_harness/results/modal/HGN_kuairand_pure_bs512_hgn_seed42_20260916-192741.json;cafrec_harness/results/modal/HGN_kuairand_pure_bs512_hgn_seed77_20260916-192731.json;cafrec_harness/results/modal/HGN_kuairand_pure_bs512_hgn_seed123_20260916-192734.json;cafrec_harness/results/modal/HGN_kuairand_pure_bs512_hgn_seed256_20260916-192738.json;cafrec_harness/results/modal/HGN_kuairand_pure_bs512_hgn_seed512_20260916-192739.json;cafrec_harness/results/modal/HGN_kuairand_pure_bs512_hgn_seed1024_20260916-192930.json;cafrec_harness/results/modal/HGN_kuairand_pure_bs512_hgn_seed2048_20260916-192935.json,Table XIII (tab:res:coverage),HGN (BPR),b54452d,modal_run.py::basesweep,512,42;77;123;256;512;1024;2048,Modal A10G,2026-09-16,config block
cafrec_harness/results/modal/HGRU4Rec_kuairand_pure_bs512_hgru4rec_seed42_20260916-192959.json;cafrec_harness/results/modal/HGRU4Rec_kuairand_pure_bs512_hgru4rec_seed77_20260916-193001.json;cafrec_harness/results/modal/HGRU4Rec_kuairand_pure_bs512_hgru4rec_seed123_20260916-193008.json;cafrec_harness/results/modal/HGRU4Rec_kuairand_pure_bs512_hgru4rec_seed256_20260916-193014.json;cafrec_harness/results/modal/HGRU4Rec_kuairand_pure_bs512_hgru4rec_seed512_20260916-193021.json;cafrec_harness/results/modal/HGRU4Rec_kuairand_pure_bs512_hgru4rec_seed1024_20260916-193037.json;cafrec_harness/results/modal/HGRU4Rec_kuairand_pure_bs512_hgru4rec_seed2048_20260916-193145.json,Table XIII (tab:res:coverage),U-GRU (BPR),b54452d,modal_run.py::basesweep,512,42;77;123;256;512;1024;2048,Modal A10G,2026-09-16,config block
cafrec_harness/results/todo_runs/MostPop/mostpop_results.json,Table XIII (tab:res:coverage),MostPop,untracked,results/todo_runs/MostPop/mostpop_true_count.py,n/a,n/a,"CPU (labBL6O0K, Xeon 8272CL)",2026-09-30,no training (popularity counted over training rows)
cafrec_harness/results/modal/CAFREC_kuairand_pure_ctx_bge_topk_s2020_seed2020_20260815-161356.json;cafrec_harness/results/modal/CAFREC_kuairand_pure_ctx_bge_topk_s2021_seed2021_20260815-161340.json;cafrec_harness/results/modal/CAFREC_kuairand_pure_ctx_bge_topk_s403092_seed403092_20260815-161345.json,Table XIV (tab:res:h4),Context gate (CAFREC),ae63ec4,"modal_run.py::main CLI, --dump-ranks --dump-topk (command not logged)",512,2020;2021;403092,Modal A10G,2026-08-15,launch code: modal_run.py L72 branch (5f8f956..b478590) sets 512 for *_ctx
cafrec_harness/results/modal/CAFREC_kuairand_pure_ctx_static_gate_s2020_seed2020_20260825-140734.json;cafrec_harness/results/modal/CAFREC_kuairand_pure_ctx_static_gate_s2021_seed2021_20260825-140802.json;cafrec_harness/results/modal/CAFREC_kuairand_pure_ctx_static_gate_s403092_seed403092_20260825-140738.json,Table XIV (tab:res:h4),Static scalar gate,ae63ec4,run_parallel_pure.py (modal_run.train),512,2020;2021;403092,Modal A10G,2026-08-25,launch code: modal_run.py L72 branch (5f8f956..b478590) sets 512 for *_ctx
cafrec_harness/results/modal/CAFREC_kuairand_pure_ctx_concat_s2020_seed2020_20260825-140739.json;cafrec_harness/results/modal/CAFREC_kuairand_pure_ctx_concat_s2021_seed2021_20260825-140745.json;cafrec_harness/results/modal/CAFREC_kuairand_pure_ctx_concat_s403092_seed403092_20260825-140738.json,Table XIV (tab:res:h4),Concatenation,ae63ec4,run_parallel_pure.py (modal_run.train),512,2020;2021;403092,Modal A10G,2026-08-25,launch code: modal_run.py L72 branch (5f8f956..b478590) sets 512 for *_ctx
cafrec_harness/results/modal/CAFREC_kuairand_pure_ctx_noprof_topk_s2020_seed2020_20260815-161058.json;cafrec_harness/results/modal/CAFREC_kuairand_pure_ctx_noprof_topk_s2021_seed2021_20260815-161023.json;cafrec_harness/results/modal/CAFREC_kuairand_pure_ctx_noprof_topk_s403092_seed403092_20260815-161026.json,Table XIV (tab:res:h4),CAFREC-NP,ae63ec4,"modal_run.py::main CLI, --dump-ranks --dump-topk (command not logged)",512,2020;2021;403092,Modal A10G,2026-08-15,launch code: modal_run.py L72 branch (5f8f956..b478590) sets 512 for *_ctx
