result_file,arm,batch,seed,commit,batch_size,batch_size_source,device,date,test_hit@10,test_ndcg@10
cafrec_harness/results/modal/CAFREC_kuairand_pure_ctx_gpu_shuffled_ctx_seed42_20260916-054129.json,Shuffled ctx [head],head,42,b478590,512,inferred: pre-fix Modal *_ctx branch (PROJECT_LOG Cycle 10),Modal A10G,20260916-054129,0.0824,0.0423
cafrec_harness/results/modal/CAFREC_kuairand_pure_ctx_gpu_shuffled_ctx_seed77_20260916-054127.json,Shuffled ctx [head],head,77,b478590,512,inferred: pre-fix Modal *_ctx branch (PROJECT_LOG Cycle 10),Modal A10G,20260916-054127,0.0801,0.0403
cafrec_harness/results/modal/CAFREC_kuairand_pure_ctx_gpu_shuffled_ctx_seed123_20260916-054127.json,Shuffled ctx [head],head,123,b478590,512,inferred: pre-fix Modal *_ctx branch (PROJECT_LOG Cycle 10),Modal A10G,20260916-054127,0.0819,0.0423
cafrec_harness/results/modal/CAFREC_kuairand_pure_ctx_gpu_shuffled_ctx_seed256_20260916-135209.json,Shuffled ctx [head],head,256,4841de5,512,config block,Modal A10G (config: cuda),20260916-135209,0.0809,0.0402
cafrec_harness/results/modal/CAFREC_kuairand_pure_ctx_gpu_shuffled_ctx_seed512_20260916-135220.json,Shuffled ctx [head],head,512,4841de5,512,config block,Modal A10G (config: cuda),20260916-135220,0.0789,0.0398
cafrec_harness/results/modal/CAFREC_kuairand_pure_ctx_gpu_shuffled_ctx_seed1024_20260916-135241.json,Shuffled ctx [head],head,1024,4841de5,512,config block,Modal A10G (config: cuda),20260916-135241,0.0787,0.0402
cafrec_harness/results/modal/CAFREC_kuairand_pure_ctx_gpu_shuffled_ctx_seed2048_20260916-135307.json,Shuffled ctx [head],head,2048,4841de5,512,config block,Modal A10G (config: cuda),20260916-135307,0.0784,0.04
cafrec_harness/results/modal/CAFREC_kuairand_pure_ctx_noprof_ms_s42_seed42_20260826-152318.json,CAFREC-NP,head,42,ae63ec4,512,inferred: pre-fix Modal *_ctx branch (PROJECT_LOG Cycle 10),Modal A10G,20260826-152318,0.0828,0.0425
cafrec_harness/results/modal/CAFREC_kuairand_pure_ctx_noprof_ms_s77_seed77_20260826-152323.json,CAFREC-NP,head,77,ae63ec4,512,inferred: pre-fix Modal *_ctx branch (PROJECT_LOG Cycle 10),Modal A10G,20260826-152323,0.0836,0.042
cafrec_harness/results/modal/CAFREC_kuairand_pure_ctx_noprof_ms_s123_seed123_20260826-152314.json,CAFREC-NP,head,123,ae63ec4,512,inferred: pre-fix Modal *_ctx branch (PROJECT_LOG Cycle 10),Modal A10G,20260826-152314,0.0825,0.0417
cafrec_harness/results/modal/CAFREC_kuairand_pure_ctx_noprof_ms_s256_seed256_20260826-153211.json,CAFREC-NP,head,256,ae63ec4,512,inferred: pre-fix Modal *_ctx branch (PROJECT_LOG Cycle 10),Modal A10G,20260826-153211,0.0804,0.042
cafrec_harness/results/modal/CAFREC_kuairand_pure_ctx_noprof_ms_s512_seed512_20260826-153238.json,CAFREC-NP,head,512,ae63ec4,512,inferred: pre-fix Modal *_ctx branch (PROJECT_LOG Cycle 10),Modal A10G,20260826-153238,0.0811,0.0414
cafrec_harness/results/modal/CAFREC_kuairand_pure_ctx_noprof_ms_s1024_seed1024_20260826-153259.json,CAFREC-NP,head,1024,ae63ec4,512,inferred: pre-fix Modal *_ctx branch (PROJECT_LOG Cycle 10),Modal A10G,20260826-153259,0.0801,0.0406
cafrec_harness/results/modal/CAFREC_kuairand_pure_ctx_noprof_ms_s2048_seed2048_20260826-153316.json,CAFREC-NP,head,2048,ae63ec4,512,inferred: pre-fix Modal *_ctx branch (PROJECT_LOG Cycle 10),Modal A10G,20260826-153316,0.0806,0.0411
cafrec_harness/results/modal/CAFREC_kuairand_pure_ctx_shuffled_ctx_s2020_seed2020_20260916-193035.json,Shuffled ctx,abl,2020,b54452d,512,config block,Modal A10G,20260916-193035,0.0796,0.0401
cafrec_harness/results/modal/CAFREC_kuairand_pure_ctx_shuffled_ctx_s2021_seed2021_20260916-193249.json,Shuffled ctx,abl,2021,b54452d,512,config block,Modal A10G,20260916-193249,0.0801,0.0412
cafrec_harness/results/modal/CAFREC_kuairand_pure_ctx_shuffled_ctx_s403092_seed403092_20260916-193309.json,Shuffled ctx,abl,403092,b54452d,512,config block,Modal A10G,20260916-193309,0.0797,0.0405
cafrec_harness/results/modal/CAFREC_kuairand_pure_ctx_noprof_topk_s2020_seed2020_20260815-161058.json,CAFREC-NP [abl],abl,2020,ae63ec4,512,inferred: pre-fix Modal *_ctx branch (PROJECT_LOG Cycle 10),Modal A10G,20260815-161058,0.0813,0.0411
cafrec_harness/results/modal/CAFREC_kuairand_pure_ctx_noprof_topk_s2021_seed2021_20260815-161023.json,CAFREC-NP [abl],abl,2021,ae63ec4,512,inferred: pre-fix Modal *_ctx branch (PROJECT_LOG Cycle 10),Modal A10G,20260815-161023,0.0795,0.0408
cafrec_harness/results/modal/CAFREC_kuairand_pure_ctx_noprof_topk_s403092_seed403092_20260815-161026.json,CAFREC-NP [abl],abl,403092,ae63ec4,512,inferred: pre-fix Modal *_ctx branch (PROJECT_LOG Cycle 10),Modal A10G,20260815-161026,0.0789,0.04
